OBJECT_NAME,OBJECT_ID,EPOCH,MEAN_MOTION,ECCENTRICITY,INCLINATION,RA_OF_ASC_NODE,ARG_OF_PERICENTER,MEAN_ANOMALY,EPHEMERIS_TYPE,CLASSIFICATION_TYPE,NORAD_CAT_ID,ELEMENT_SET_NO,REV_AT_EPOCH,BSTAR,MEAN_MOTION_DOT,MEAN_MOTION_DDOT
COSMOS 2251,1993-036A,2025-02-16T16:52:22.315584,14.33086546,0.00259,74.04,142.2116,298.4634,61.3908,0,U,22675,999,65489,9.6441e-05,2.39e-06,0.0
COSMOS 2251 DEB,1993-036E,2025-02-16T17:30:27.463392,14.32482335,0.0015829,74.0375,149.4246,241.7716,234.2231,0,U,33757,999,83714,8.8853e-05,2.15e-06,0.0
COSMOS 2251 DEB,1993-036F,2025-02-17T03:38:43.268352,14.48816489,0.0018747,74.0289,56.25,209.334,230.0553,0,U,33758,999,84031,0.0017328,6.539e-05,0.0
COSMOS 2251 DEB,1993-036G,2025-02-17T13:33:25.441056,15.19894621,0.000838,73.9894,221.4644,78.4599,351.0295,0,U,33759,999,84649,0.010398,0.00230709,0.0
COSMOS 2251 DEB,1993-036H,2025-02-16T14:41:41.157024,14.35411892,0.002183,74.0311,110.3378,283.9733,188.7236,0,U,33760,999,83832,0.00017473,4.77e-06,0.0
COSMOS 2251 DEB,1993-036J,2025-02-16T20:40:52.219200,14.41346604,0.0024992,74.035,86.1884,246.6278,286.8506,0,U,33761,999,83926,0.00071396,2.294e-05,0.0
COSMOS 2251 DEB,1993-036K,2025-02-17T12:36:17.350848,14.33545833,0.0016482,74.0419,135.1827,273.8683,98.4032,0,U,33762,999,83782,0.00011523,2.93e-06,0.0
COSMOS 2251 DEB,1993-036M,2025-02-17T04:31:50.979072,14.38672126,0.0021624,74.0326,103.6069,143.8789,271.9314,0,U,33764,999,83873,0.0005418,1.64e-05,0.0
COSMOS 2251 DEB,1993-036N,2025-02-16T18:44:11.330880,14.91814857,0.009798,74.013,61.8368,234.6016,299.2511,0,U,33765,999,85135,0.0033009,0.0003669,0.0
COSMOS 2251 DEB,1993-036P,2025-02-16T22:45:48.100896,14.33677175,0.0066429,74.1891,317.0531,244.8957,114.5293,0,U,33766,999,83461,0.0010074,2.84e-05,0.0
COSMOS 2251 DEB,1993-036R,2025-02-16T23:26:41.123904,13.58126013,0.0369298,74.0715,341.9281,206.316,236.5315,0,U,33768,999,79239,0.00036723,3.93e-06,0.0
COSMOS 2251 DEB,1993-036U,2025-02-16T16:20:13.641216,14.62400446,0.0017528,74.0472,27.2092,157.9212,15.3197,0,U,33779,999,84143,0.0012587,6.357e-05,0.0
COSMOS 2251 DEB,1993-036X,2025-02-16T22:32:47.285088,14.39392713,0.0022652,74.033,109.7109,254.5253,279.4948,0,U,33782,999,83825,0.0007495,2.313e-05,0.0
COSMOS 2251 DEB,1993-036Z,2025-02-17T03:08:39.662304,15.15179125,0.0035161,74.1722,66.0614,329.8737,98.8903,0,U,33784,999,85546,0.0049601,0.00095745,0.0
COSMOS 2251 DEB,1993-036AA,2025-02-16T23:18:11.984256,14.62736727,0.0024414,73.87,282.4705,280.63,194.4847,0,U,33785,999,84125,0.0030232,0.00015478,0.0
COSMOS 2251 DEB,1993-036AE,2025-02-16T20:59:46.569120,13.88197788,0.0241411,74.0611,234.3786,59.0192,46.1505,0,U,33789,999,80947,0.00057522,8.45e-06,0.0
COSMOS 2251 DEB,1993-036AG,2025-02-16T20:35:18.316032,14.41111897,0.0029974,74.1737,227.1283,143.9239,337.4863,0,U,33791,999,83743,0.0013549,4.366e-05,0.0
COSMOS 2251 DEB,1993-036AH,2025-02-16T21:21:03.168864,13.4525593,0.0432953,73.8992,102.4239,220.9781,316.8943,0,U,33792,999,78422,0.0019705,2.027e-05,0.0
COSMOS 2251 DEB,1993-036AJ,2025-02-16T20:27:19.445760,14.26299819,0.0081228,73.9853,332.5178,191.1277,226.4165,0,U,33793,999,82943,0.0011294,2.782e-05,0.0
COSMOS 2251 DEB,1993-036AL,2025-02-16T18:50:47.929344,14.91700401,0.0046717,74.0381,322.84,133.3479,290.7021,0,U,33795,999,85544,0.0024445,0.00025173,0.0
COSMOS 2251 DEB,1993-036AN,2025-02-16T22:10:57.306432,14.55993279,0.0063855,74.0452,242.0255,45.8466,65.4735,0,U,33797,999,84633,0.00093545,4.203e-05,0.0
COSMOS 2251 DEB,1993-036AP,2025-02-16T20:01:10.454592,14.44137976,0.00922,74.032,332.4376,167.7834,249.4679,0,U,33798,999,84278,0.00023711,8.28e-06,0.0
COSMOS 2251 DEB,1993-036AQ,2025-02-16T19:34:53.746176,14.69346277,0.0030888,74.0349,305.7548,102.8398,326.0827,0,U,33799,999,84405,0.0034885,0.00020797,0.0
COSMOS 2251 DEB,1993-036AW,2025-02-16T17:34:00.756480,14.56772616,0.0061435,74.0325,159.6875,61.7146,299.0198,0,U,33805,999,84871,0.00049181,2.228e-05,0.0
COSMOS 2251 DEB,1993-036BC,2025-02-16T20:44:47.061312,14.92032592,0.0041466,73.8437,196.0477,345.6165,130.0327,0,U,33811,999,85541,0.0021517,0.00022229,0.0
COSMOS 2251 DEB,1993-036BE,2025-02-17T10:44:12.539040,15.16735296,0.004511,74.0273,184.9359,330.2627,29.6005,0,U,33813,999,86004,0.0035494,0.00072122,0.0
COSMOS 2251 DEB,1993-036BG,2025-02-16T11:51:22.150368,14.77975713,0.0033076,73.9708,61.5898,237.8575,247.8696,0,U,33815,999,83902,0.0054797,0.00040084,0.0
COSMOS 2251 DEB,1993-036BH,2025-02-17T12:51:43.379136,13.81258545,0.0267368,73.8932,250.6549,319.704,38.4532,0,U,33816,999,80561,0.0007674,1.042e-05,0.0
COSMOS 2251 DEB,1993-036BJ,2025-02-17T10:35:32.647776,16.26617782,0.0005526,73.9814,267.7333,219.689,140.3958,0,U,33817,999,85788,0.0050154,0.16360725,2.0296e-06
COSMOS 2251 DEB,1993-036BK,2025-02-17T10:58:46.955424,14.93185086,0.0034035,74.0849,52.9178,131.2089,20.2966,0,U,33818,999,85383,0.0034355,0.00036444,0.0
COSMOS 2251 DEB,1993-036BL,2025-02-17T09:16:30.247680,14.30651064,0.0092769,74.182,28.9087,331.9911,157.17,0,U,33819,999,83226,0.0022094,6.03e-05,0.0
COSMOS 2251 DEB,1993-036BN,2025-02-17T09:35:18.106368,15.10212423,0.0072092,74.0419,45.7104,166.5333,193.7807,0,U,33821,999,86466,0.0015661,0.00027292,0.0
COSMOS 2251 DEB,1993-036BP,2025-02-16T23:10:29.866080,14.10862636,0.0156272,74.0753,0.1684,122.8088,304.8325,0,U,33822,999,81837,0.0020267,4.051e-05,0.0
COSMOS 2251 DEB,1993-036BQ,2025-02-17T12:03:22.859424,13.98031697,0.0210699,73.8118,311.5857,128.5674,43.4641,0,U,33823,999,81447,0.0012839,2.18e-05,0.0
COSMOS 2251 DEB,1993-036BS,2025-02-16T22:47:54.214656,14.64157205,0.0090665,73.985,246.4875,285.7462,200.1879,0,U,33825,999,84497,0.0019153,0.00010679,0.0
COSMOS 2251 DEB,1993-036BT,2025-02-16T21:55:26.666976,14.46172369,0.0093178,74.0627,249.2061,12.6277,108.6402,0,U,33826,999,83441,0.0021953,8.264e-05,0.0
COSMOS 2251 DEB,1993-036BV,2025-02-16T14:48:20.259360,14.43036368,0.0030915,74.0458,73.7714,227.0706,273.7391,0,U,33828,999,83996,0.00078135,2.608e-05,0.0
COSMOS 2251 DEB,1993-036BX,2025-02-16T20:39:53.882784,14.72030755,0.0049792,74.0332,94.1591,293.3767,240.4042,0,U,33830,999,85066,0.0014128,9.028e-05,0.0
COSMOS 2251 DEB,1993-036BZ,2025-02-17T11:59:55.288608,14.55728538,0.0025448,74.0555,56.8874,175.1978,341.7033,0,U,33832,999,84092,0.0029306,0.00012872,0.0
COSMOS 2251 DEB,1993-036CB,2025-02-17T12:40:02.344224,15.273555,0.0018673,74.0512,255.5515,47.2194,313.0574,0,U,33834,999,85835,0.0047902,0.00131238,0.0
COSMOS 2251 DEB,1993-036CC,2025-02-16T19:01:50.181024,14.58660631,0.0058242,74.0599,311.2904,83.7422,333.4069,0,U,33835,999,84425,0.0017354,8.261e-05,0.0
COSMOS 2251 DEB,1993-036CD,2025-02-17T04:53:11.700096,14.72688445,0.0027174,73.9995,124.9256,42.8485,348.411,0,U,33836,999,84939,0.0020308,0.0001302,0.0
COSMOS 2251 DEB,1993-036CE,2025-02-16T14:39:43.068096,14.49780175,0.0035552,74.0103,258.3764,193.8157,166.2034,0,U,33837,999,84509,0.00044171,1.688e-05,0.0
COSMOS 2251 DEB,1993-036CF,2025-02-16T21:20:53.688192,14.47129107,0.0028124,74.0413,348.9475,188.2405,228.2745,0,U,33838,999,84244,0.00091681,3.334e-05,0.0
COSMOS 2251 DEB,1993-036CG,2025-02-17T11:03:10.662912,14.63189909,0.0087825,74.0394,59.0777,248.6877,262.6229,0,U,33839,999,85229,0.00058821,3.169e-05,0.0
COSMOS 2251 DEB,1993-036CJ,2025-02-17T04:54:13.182336,14.37295512,0.0022448,74.0367,107.4654,265.886,150.7044,0,U,33841,999,83872,0.00038406,1.122e-05,0.0
COSMOS 2251 DEB,1993-036CK,2025-02-16T17:23:00.175776,14.41791735,0.004928,74.0326,54.2898,237.5691,122.0694,0,U,33842,999,84026,0.00057941,1.894e-05,0.0
COSMOS 2251 DEB,1993-036CM,2025-02-17T14:20:43.997280,14.32783099,0.0049085,74.0642,236.6969,334.0572,88.0902,0,U,33844,999,83497,0.00071404,1.946e-05,0.0
COSMOS 2251 DEB,1993-036CR,2025-02-16T16:06:09.204768,14.41359612,0.0045874,74.0326,192.9177,326.0684,45.0894,0,U,33848,999,83518,0.002011,6.573e-05,0.0
COSMOS 2251 DEB,1993-036CT,2025-02-17T09:48:41.430240,15.08786701,0.003281,73.9938,105.7091,320.3617,39.5175,0,U,33890,999,85014,0.0062284,0.0010048,0.0
COSMOS 2251 DEB,1993-036CV,2025-02-16T16:47:06.426816,14.2206682,0.0115006,73.8033,287.0434,10.9875,44.7117,0,U,33892,999,82702,0.0012547,2.944e-05,0.0
COSMOS 2251 DEB,1993-036CX,2025-02-17T13:29:21.417216,13.19770562,0.0573598,73.7643,89.8931,51.0736,314.006,0,U,33894,999,76772,0.0017827,1.675e-05,0.0
COSMOS 2251 DEB,1993-036CZ,2025-02-16T20:19:25.020768,14.17713838,0.0130301,73.7713,338.7639,205.0725,211.9437,0,U,33896,999,82502,0.001248,2.737e-05,0.0
COSMOS 2251 DEB,1993-036DC,2025-02-16T03:44:34.250208,14.57918372,0.0060332,74.0544,296.4344,77.2932,48.959,0,U,33899,999,84468,0.0015409,7.224e-05,0.0
COSMOS 2251 DEB,1993-036DD,2025-02-16T21:15:50.810400,14.56528625,0.0049045,74.019,208.4612,72.6847,49.0422,0,U,33900,999,84682,0.0011053,4.974e-05,0.0
COSMOS 2251 DEB,1993-036DE,2025-02-16T17:37:40.958112,14.91893711,0.0061666,73.775,308.8314,137.0946,223.5071,0,U,33901,999,85024,0.003026,0.00031845,0.0
COSMOS 2251 DEB,1993-036DJ,2025-02-16T13:35:17.583936,14.33845562,0.005756,73.8876,149.7133,97.4395,276.0763,0,U,33905,999,83397,0.0011504,3.237e-05,0.0
COSMOS 2251 DEB,1993-036DK,2025-02-16T18:56:24.110880,14.51246554,0.0040805,74.0327,166.9344,279.8235,208.3061,0,U,33906,999,83662,0.0035838,0.00014406,0.0
COSMOS 2251 DEB,1993-036DL,2025-02-17T13:03:53.123040,14.26258138,0.0123969,74.0704,213.4663,345.9894,75.6084,0,U,33907,999,82322,0.0032386,8.406e-05,0.0
COSMOS 2251 DEB,1993-036DM,2025-02-17T04:02:33.498528,14.04380426,0.0225009,73.8419,14.3595,92.8047,269.8862,0,U,33908,999,81283,0.0041545,8.275e-05,0.0
COSMOS 2251 DEB,1993-036DQ,2025-02-17T02:29:27.247776,14.66126,0.0011839,74.0964,19.4789,28.5131,102.4826,0,U,33911,999,84305,0.0042253,0.00023295,0.0
COSMOS 2251 DEB,1993-036DR,2025-02-16T09:55:29.238240,14.49453393,0.0012663,74.0365,32.5443,200.7491,312.001,0,U,33912,999,84092,0.0016536,6.316e-05,0.0
COSMOS 2251 DEB,1993-036DS,2025-02-16T10:51:09.350784,14.46844364,0.005008,74.0365,23.661,203.1543,291.9524,0,U,33913,999,84126,0.0012057,4.415e-05,0.0
COSMOS 2251 DEB,1993-036DT,2025-02-17T00:56:45.926880,13.71542271,0.0306584,74.0904,147.2194,319.1194,216.6284,0,U,33914,999,80026,0.00092916,1.146e-05,0.0
COSMOS 2251 DEB,1993-036DU,2025-02-16T21:11:56.275008,14.3391348,0.0108001,74.0421,221.2916,26.5339,88.5786,0,U,33915,999,83486,0.00082292,2.423e-05,0.0
COSMOS 2251 DEB,1993-036DV,2025-02-17T03:09:35.984736,13.68200744,0.0324944,74.0518,171.029,48.8158,121.5248,0,U,33916,999,79856,0.00046825,5.56e-06,0.0
COSMOS 2251 DEB,1993-036DW,2025-02-16T23:02:59.873280,13.68389231,0.0336157,74.1038,251.9115,63.6202,299.9011,0,U,33917,999,79645,0.0028136,3.55e-05,0.0
COSMOS 2251 DEB,1993-036DZ,2025-02-17T06:54:19.497888,14.5283574,0.0039582,74.0636,143.0724,234.7706,124.9749,0,U,33920,999,83814,0.003433,0.00014265,0.0
COSMOS 2251 DEB,1993-036EB,2025-02-17T04:59:32.223840,14.48147033,0.0023512,74.0505,346.9314,176.312,296.0875,0,U,33922,999,84297,0.00084645,3.138e-05,0.0
COSMOS 2251 DEB,1993-036ED,2025-02-17T04:49:43.744800,13.49743796,0.040321,73.9137,29.8394,120.1869,243.9819,0,U,33924,999,78749,0.00061627,6.28e-06,0.0
COSMOS 2251 DEB,1993-036EH,2025-02-16T20:05:11.229792,14.46534796,0.006282,73.9233,254.9764,255.4063,104.0124,0,U,33928,999,84321,0.00043595,1.58e-05,0.0
COSMOS 2251 DEB,1993-036EK,2025-02-17T02:54:55.699200,15.15391168,0.0009351,74.0006,300.4112,158.7381,330.1136,0,U,33930,999,84402,0.010276,0.00199656,0.0
COSMOS 2251 DEB,1993-036EL,2025-02-17T09:40:18.946848,15.08352276,0.0104341,74.0061,162.9253,325.7755,33.6739,0,U,33931,999,84804,0.0040745,0.00072493,0.0
COSMOS 2251 DEB,1993-036EM,2025-02-16T18:59:45.604320,14.37652426,0.0038596,74.0351,146.8152,298.4906,61.2362,0,U,33932,999,83700,0.00086603,2.598e-05,0.0
COSMOS 2251 DEB,1993-036EN,2025-02-16T22:39:11.469600,14.32746408,0.0072829,74.0867,244.4046,329.8905,29.8068,0,U,33933,999,83509,0.00052138,1.436e-05,0.0
COSMOS 2251 DEB,1993-036EP,2025-02-16T22:21:54.764640,14.56018604,0.0017415,74.0404,308.5311,150.0957,210.1206,0,U,33934,999,84385,0.0016097,7.079e-05,0.0
COSMOS 2251 DEB,1993-036ER,2025-02-16T22:36:52.836480,14.57499405,0.0029664,74.0165,247.3315,114.837,245.5884,0,U,33936,999,84532,0.0014083,6.416e-05,0.0
COSMOS 2251 DEB,1993-036ET,2025-02-17T02:22:04.186848,14.45328832,0.0017753,74.0467,44.1341,210.4913,226.5184,0,U,33938,999,84094,0.0010665,3.729e-05,0.0
COSMOS 2251 DEB,1993-036EU,2025-02-16T19:39:59.217696,14.78156801,0.0008261,74.0161,318.227,142.7199,217.4551,0,U,33939,999,84305,0.0049183,0.00035804,0.0
COSMOS 2251 DEB,1993-036EV,2025-02-16T21:46:12.569088,14.55283335,0.0012258,74.0447,350.9548,158.1544,258.9021,0,U,33940,999,84262,0.0021884,9.477e-05,0.0
COSMOS 2251 DEB,1993-036EX,2025-02-16T14:31:19.903008,14.3742249,0.0022256,74.0354,105.5103,266.8122,214.2066,0,U,33942,999,83835,0.0003496,1.022e-05,0.0
COSMOS 2251 DEB,1993-036EZ,2025-02-16T16:17:41.612640,14.36555204,0.0116124,74.0406,138.807,312.0197,161.0792,0,U,33944,999,83732,0.00049041,1.528e-05,0.0
COSMOS 2251 DEB,1993-036FA,2025-02-16T15:52:50.302848,14.34284095,0.0024092,74.0299,134.1554,294.7026,65.1618,0,U,33945,999,83727,0.00024213,6.56e-06,0.0
COSMOS 2251 DEB,1993-036FD,2025-02-16T14:44:14.637984,14.35187679,0.0024841,74.0356,133.7767,285.4858,74.3551,0,U,33948,999,83731,0.00032711,9.12e-06,0.0
COSMOS 2251 DEB,1993-036FE,2025-02-17T03:44:41.056800,14.38979329,0.0020706,74.0234,85.2589,263.3735,152.6836,0,U,33971,999,83845,0.00046286,1.405e-05,0.0
COSMOS 2251 DEB,1993-036FF,2025-02-17T09:17:56.448096,14.32313251,0.0137447,73.9987,18.6982,256.1896,260.8386,0,U,33972,999,82813,0.0030706,9.188e-05,0.0
COSMOS 2251 DEB,1993-036FG,2025-02-16T22:53:58.850304,14.44958157,0.0047045,74.0087,300.5825,192.1756,179.7638,0,U,33973,999,84284,0.00023638,8.08e-06,0.0
COSMOS 2251 DEB,1993-036FJ,2025-02-17T00:14:36.525408,13.99857682,0.0191926,73.7992,249.2609,72.685,289.5177,0,U,33975,999,81665,0.00083669,1.415e-05,0.0
COSMOS 2251 DEB,1993-036FP,2025-02-16T23:28:56.917056,14.55993456,0.003066,74.0203,267.6434,125.8945,356.0802,0,U,33980,999,84442,0.001249,5.505e-05,0.0
COSMOS 2251 DEB,1993-036FR,2025-02-16T20:46:54.962688,14.58498818,0.0078241,74.0703,208.5584,332.2432,140.9499,0,U,33982,999,84799,0.00079167,3.806e-05,0.0
COSMOS 2251 DEB,1993-036FS,2025-02-17T04:59:19.391712,14.49108828,0.0021733,74.0538,347.0815,169.7398,308.1303,0,U,33983,999,84309,0.001088,4.123e-05,0.0
COSMOS 2251 DEB,1993-036FT,2025-02-17T12:04:09.804864,14.62658245,0.0025392,74.0102,201.337,107.319,315.9029,0,U,33984,999,84712,0.0021579,0.00011017,0.0
COSMOS 2251 DEB,1993-036FV,2025-02-17T00:15:21.866400,14.41387174,0.0044586,74.0375,136.7575,286.5325,247.6273,0,U,33986,999,83773,0.001389,4.53e-05,0.0
COSMOS 2251 DEB,1993-036FZ,2025-02-16T18:01:56.540640,13.49477164,0.0406256,73.9275,45.7635,121.977,47.8443,0,U,33990,999,78695,0.00073268,7.52e-06,0.0
COSMOS 2251 DEB,1993-036GB,2025-02-16T20:23:48.446592,14.62841592,0.0057436,74.0252,192.7205,25.5412,89.4842,0,U,33992,999,84749,0.0013975,7.287e-05,0.0
COSMOS 2251 DEB,1993-036GD,2025-02-16T23:33:16.613856,14.40930504,0.0024364,74.0442,23.1516,235.424,181.0611,0,U,33994,999,84116,0.00022505,6.98e-06,0.0
COSMOS 2251 DEB,1993-036GE,2025-02-16T10:30:36.014112,14.32954418,0.0060843,74.0636,306.126,35.6056,324.913,0,U,33995,999,83229,0.0017243,4.791e-05,0.0
COSMOS 2251 DEB,1993-036GJ,2025-02-17T04:48:10.234080,14.74717905,0.0051322,73.9228,102.3049,59.813,300.8111,0,U,33999,999,84855,0.0018928,0.00012913,0.0
COSMOS 2251 DEB,1993-036GL,2025-02-17T04:09:38.119968,14.36642705,0.0021809,74.0378,110.4012,269.1742,121.6868,0,U,34001,999,83860,0.00030293,8.68e-06,0.0
COSMOS 2251 DEB,1993-036GN,2025-02-16T11:22:32.456928,13.82466305,0.0286778,74.0765,68.1543,250.8073,106.1816,0,U,34003,999,80287,0.0029714,4.384e-05,0.0
COSMOS 2251 DEB,1993-036GP,2025-02-16T19:17:22.831008,14.45643624,0.0034385,74.0365,152.1775,246.2584,113.4966,0,U,34004,999,83705,0.0021535,7.652e-05,0.0
COSMOS 2251 DEB,1993-036GQ,2025-02-17T10:03:22.395744,14.39973593,0.0021838,74.0446,44.6831,241.4877,234.528,0,U,34005,999,84092,0.00027641,8.46e-06,0.0
COSMOS 2251 DEB,1993-036GR,2025-02-17T08:01:50.619360,14.75695639,0.000591,74.0637,14.5655,50.9373,73.0282,0,U,34006,999,84246,0.0070228,0.0004835,0.0
COSMOS 2251 DEB,1993-036GS,2025-02-16T19:18:05.173056,14.61616775,0.0049286,74.021,200.9124,49.0611,311.4805,0,U,34007,999,84707,0.0014802,7.465e-05,0.0
COSMOS 2251 DEB,1993-036GT,2025-02-17T12:56:31.415136,14.3288241,0.0024411,74.0347,155.3763,227.7675,143.1541,0,U,34008,999,83697,0.00025964,6.85e-06,0.0
COSMOS 2251 DEB,1993-036GU,2025-02-16T19:07:02.832384,14.32904469,0.0028707,74.0377,163.102,306.42,176.5331,0,U,34009,999,83663,0.00027467,7.28e-06,0.0
COSMOS 2251 DEB,1993-036GV,2025-02-17T08:53:24.000288,14.88764311,0.0018172,74.0126,171.9574,13.3204,346.8453,0,U,34010,999,84816,0.005663,0.00053514,0.0
COSMOS 2251 DEB,1993-036GW,2025-02-17T11:10:53.296896,14.39668189,0.0040735,74.0152,162.7299,320.2721,39.5451,0,U,34011,999,83639,0.0017197,5.41e-05,0.0
COSMOS 2251 DEB,1993-036GZ,2025-02-16T15:55:31.032768,14.68418917,0.0043963,74.0192,142.0624,356.6481,119.1841,0,U,34014,999,84906,0.0016073,9.418e-05,0.0
COSMOS 2251 DEB,1993-036HA,2025-02-16T22:19:29.875296,14.56399653,0.0024821,74.0279,8.4207,187.7255,240.763,0,U,34015,999,84175,0.0020252,9.009e-05,0.0
COSMOS 2251 DEB,1993-036HD,2025-02-17T13:01:20.702208,13.80618275,0.0266084,73.8754,237.2803,327.86,91.2105,0,U,34018,999,80562,0.00051539,6.81e-06,0.0
COSMOS 2251 DEB,1993-036HE,2025-02-17T11:47:02.495904,14.32172856,0.0063242,73.9534,238.4575,124.0538,263.9732,0,U,34019,999,83251,0.0017165,4.702e-05,0.0
COSMOS 2251 DEB,1993-036HG,2025-02-16T13:18:04.619232,14.48600722,0.0021626,74.0399,331.0012,192.7816,340.6783,0,U,34021,999,84321,0.00083339,3.117e-05,0.0
COSMOS 2251 DEB,1993-036HH,2025-02-16T21:11:45.945024,14.38380096,0.0023934,74.0529,101.2331,246.418,287.2645,0,U,34022,999,83897,0.00039155,1.171e-05,0.0
COSMOS 2251 DEB,1993-036HJ,2025-02-17T12:56:24.874656,14.39678628,0.002068,74.0236,83.2443,257.4129,224.965,0,U,34023,999,83925,0.0006083,1.882e-05,0.0
COSMOS 2251 DEB,1993-036HK,2025-02-16T17:12:01.915776,14.3496119,0.0022723,74.0469,143.878,272.7699,209.7313,0,U,34024,999,83734,0.00034346,9.54e-06,0.0
COSMOS 2251 DEB,1993-036HM,2025-02-16T13:57:34.104672,13.64259305,0.0350461,73.7657,114.3152,28.9278,92.5946,0,U,34026,999,79450,0.0010778,1.285e-05,0.0
COSMOS 2251 DEB,1993-036HP,2025-02-17T02:42:53.655264,13.20292566,0.0549822,73.8804,85.0258,272.5749,111.7201,0,U,34028,999,77086,0.0010709,9.32e-06,0.0
COSMOS 2251 DEB,1993-036HS,2025-02-16T15:25:42.083616,14.55750792,0.0026166,74.0178,345.2257,183.0661,237.2825,0,U,34031,999,84207,0.0022256,9.771e-05,0.0
COSMOS 2251 DEB,1993-036HT,2025-02-17T03:04:45.488064,15.92410856,0.0017567,73.9762,295.9809,166.5329,193.6378,0,U,34032,999,84410,0.02332,0.05920756,0.061765
COSMOS 2251 DEB,1993-036HU,2025-02-17T05:21:42.386400,15.46855353,0.0015904,73.9612,337.9355,152.7136,207.4915,0,U,34033,999,84214,0.020786,0.01147591,0.0
COSMOS 2251 DEB,1993-036HW,2025-02-16T18:52:16.846176,14.47592883,0.0046464,74.0667,189.4696,273.4458,211.6396,0,U,34035,999,83633,0.003235,0.00012068,0.0
COSMOS 2251 DEB,1993-036HX,2025-02-16T07:54:23.641920,14.74718797,0.0020643,74.0305,23.3009,168.2796,191.8862,0,U,34036,999,84128,0.0057376,0.00038671,0.0
COSMOS 2251 DEB,1993-036HY,2025-02-16T21:25:27.380064,14.33479003,0.0054613,74.0497,236.8902,0.9312,359.193,0,U,34037,999,83433,0.00093145,2.592e-05,0.0
COSMOS 2251 DEB,1993-036JB,2025-02-17T10:55:56.790624,13.67258552,0.0343733,73.9587,198.3103,211.3336,146.6892,0,U,34040,999,79552,0.0061676,7.778e-05,0.0
COSMOS 2251 DEB,1993-036JG,2025-02-16T19:32:56.599872,14.33852097,0.0027717,74.0392,137.701,295.4651,204.3463,0,U,34045,999,83748,0.00016451,4.34e-06,0.0
COSMOS 2251 DEB,1993-036JH,2025-02-16T21:45:46.415808,14.42988026,0.0083058,74.0387,206.9324,5.3432,118.4393,0,U,34046,999,83531,0.0024861,8.66e-05,0.0
COSMOS 2251 DEB,1993-036JM,2025-02-17T11:19:14.516256,13.9530946,0.0219712,74.0887,161.344,297.7914,178.1712,0,U,34050,999,81291,0.0011774,1.925e-05,0.0
COSMOS 2251 DEB,1993-036JQ,2025-02-16T21:29:09.999168,13.48684212,0.0426581,73.8462,3.5759,202.2731,155.9356,0,U,34053,999,78687,0.00048177,5.04e-06,0.0
COSMOS 2251 DEB,1993-036JR,2025-02-17T07:23:16.428192,15.10646054,0.0024045,74.0139,114.7969,311.2056,119.7925,0,U,34054,999,85024,0.0057134,0.00096395,0.0
COSMOS 2251 DEB,1993-036JT,2025-02-17T01:04:33.254112,14.18080947,0.0129692,74.0591,249.4012,11.3981,147.6305,0,U,34056,999,82190,0.0022241,4.935e-05,0.0
COSMOS 2251 DEB,1993-036JU,2025-02-17T10:04:36.509664,15.05721046,0.0026065,74.0143,163.82,345.5666,77.5376,0,U,34057,999,84832,0.0086296,0.0012803,0.0
COSMOS 2251 DEB,1993-036JV,2025-02-17T10:32:45.932064,13.55682948,0.0377696,73.9358,301.4911,353.0723,181.0978,0,U,34058,999,79112,0.0012037,1.303e-05,0.0
COSMOS 2251 DEB,1993-036JW,2025-02-17T04:53:16.522944,14.50308689,0.0019767,74.0413,28.3407,190.2952,181.4912,0,U,34059,999,84126,0.0016381,6.38e-05,0.0
COSMOS 2251 DEB,1993-036JY,2025-02-16T21:07:10.208064,14.39486897,0.0022283,74.0378,95.4556,252.2856,281.1664,0,U,34061,999,83878,0.00055301,1.702e-05,0.0
COSMOS 2251 DEB,1993-036JZ,2025-02-16T22:55:28.928352,14.68428682,0.0090807,74.035,0.7067,159.5236,264.7341,0,U,34062,999,84195,0.0032571,0.00020096,0.0
COSMOS 2251 DEB,1993-036KB,2025-02-16T14:43:58.379232,14.4097179,0.0024255,74.032,105.2296,251.9844,235.5451,0,U,34064,999,83845,0.00084829,2.709e-05,0.0
COSMOS 2251 DEB,1993-036KC,2025-02-16T20:47:51.914112,14.37636259,0.0018108,74.034,88.4669,264.48,268.7361,0,U,34065,999,83909,0.0002643,7.69e-06,0.0
COSMOS 2251 DEB,1993-036KH,2025-02-16T20:56:58.643808,14.66996447,0.0027317,74.0074,338.7974,173.1702,244.2619,0,U,34070,999,84213,0.0034796,0.00019634,0.0
COSMOS 2251 DEB,1993-036KK,2025-02-16T23:22:48.851328,14.49783329,0.005028,74.0596,247.0272,323.1415,159.2387,0,U,34114,999,83461,0.0035779,0.00014019,0.0
COSMOS 2251 DEB,1993-036KL,2025-02-16T21:11:37.309344,14.7314485,0.0035521,74.0085,108.3614,2.5172,357.6172,0,U,34115,999,85001,0.0018725,0.00012179,0.0
COSMOS 2251 DEB,1993-036KM,2025-02-16T15:59:28.849632,14.50393868,0.0012891,74.044,25.8037,191.1948,342.1012,0,U,34116,999,84146,0.0016253,6.332e-05,0.0
COSMOS 2251 DEB,1993-036KN,2025-02-16T18:32:55.468608,14.38389085,0.0059105,74.041,175.4892,326.6639,33.0798,0,U,34117,999,83822,0.001278,3.951e-05,0.0
COSMOS 2251 DEB,1993-036KP,2025-02-16T15:18:39.593664,14.80166849,0.0082181,73.9569,128.0682,26.7808,97.6381,0,U,34118,999,84730,0.0024901,0.00020059,0.0
COSMOS 2251 DEB,1993-036KR,2025-02-16T22:02:05.963712,13.98209763,0.0185567,73.9938,13.6487,266.5557,154.7231,0,U,34120,999,81803,0.00065143,1.049e-05,0.0
COSMOS 2251 DEB,1993-036KS,2025-02-17T12:41:26.697408,13.90077253,0.0243018,73.9911,247.4753,157.1368,234.7755,0,U,34121,999,80999,0.0038124,5.953e-05,0.0
COSMOS 2251 DEB,1993-036KT,2025-02-16T19:52:09.487776,14.5996025,0.0091938,74.0412,331.5817,303.2116,111.9482,0,U,34122,999,84314,0.0025093,0.00012758,0.0
COSMOS 2251 DEB,1993-036KX,2025-02-17T10:50:52.076832,15.38616334,0.0021859,73.9775,221.1486,104.1975,256.1662,0,U,34126,999,85789,0.0063511,0.00252268,0.0
COSMOS 2251 DEB,1993-036KY,2025-02-16T21:13:54.655104,14.27542039,0.012062,74.1806,222.319,144.1709,333.8612,0,U,34127,999,82533,0.0039723,0.00010545,0.0
COSMOS 2251 DEB,1993-036KZ,2025-02-17T09:49:04.090368,14.82935184,0.0044118,74.0038,176.3929,11.1619,44.6654,0,U,34128,999,84750,0.0047705,0.00039571,0.0
COSMOS 2251 DEB,1993-036LA,2025-02-16T20:14:21.704928,14.69296904,0.003812,74.0385,201.4731,3.0622,357.0774,0,U,34129,999,56898,0.0024946,0.00014889,0.0
COSMOS 2251 DEB,1993-036LH,2025-02-16T20:38:21.464160,14.77009292,0.0091046,74.0185,270.6705,110.2915,261.8795,0,U,34136,999,85593,0.00077467,5.819e-05,0.0
COSMOS 2251 DEB,1993-036LL,2025-02-17T04:37:16.212000,14.53623839,0.0049768,74.0314,100.6845,252.6036,163.6737,0,U,34139,999,83816,0.0023533,9.989e-05,0.0
COSMOS 2251 DEB,1993-036LN,2025-02-17T13:34:33.017088,14.44645409,0.005564,74.011,226.9384,26.3573,37.0782,0,U,34141,999,83381,0.003009,0.00010611,0.0
COSMOS 2251 DEB,1993-036LQ,2025-02-16T20:03:25.417440,14.62359819,0.0052414,74.0127,161.423,26.6857,333.6988,0,U,34270,999,84722,0.0014238,7.316e-05,0.0
COSMOS 2251 DEB,1993-036LR,2025-02-16T19:00:55.487232,14.61980243,0.0022714,74.0242,56.173,202.4473,330.861,0,U,34271,999,83852,0.0030251,0.00015222,0.0
COSMOS 2251 DEB,1993-036LT,2025-02-17T03:36:18.149184,14.57737346,0.0016123,74.0374,296.7919,139.2063,349.0916,0,U,34273,999,84282,0.0016584,7.569e-05,0.0
COSMOS 2251 DEB,1993-036LU,2025-02-16T17:04:06.231936,14.60183093,0.0025528,74.0051,282.6261,144.5019,272.5333,0,U,34274,999,84304,0.0017542,8.471e-05,0.0
COSMOS 2251 DEB,1993-036LV,2025-02-17T12:14:38.262912,15.06409885,0.0009124,74.0098,252.8232,125.8692,234.3347,0,U,34275,999,84450,0.008143,0.00122195,0.0
COSMOS 2251 DEB,1993-036LW,2025-02-16T22:38:50.323200,14.54624492,0.0024086,74.0243,292.2707,153.1054,218.541,0,U,34276,999,84244,0.0012866,5.494e-05,0.0
COSMOS 2251 DEB,1993-036MT,2025-02-16T22:49:45.382944,14.36287203,0.0018698,74.0477,112.7537,260.9813,272.6216,0,U,34297,999,83774,0.00025143,7.1e-06,0.0
COSMOS 2251 DEB,1993-036MV,2025-02-16T21:29:06.196704,14.98378518,0.0105427,74.0046,241.94,51.7444,309.317,0,U,34299,999,84488,0.0042779,0.00057657,0.0
COSMOS 2251 DEB,1993-036MW,2025-02-17T08:02:23.905824,15.13256599,0.004987,73.9948,276.9135,103.0139,257.6629,0,U,34300,999,84374,0.0088188,0.00165217,0.0
COSMOS 2251 DEB,1993-036MX,2025-02-17T01:37:26.762304,14.70452488,0.0017534,74.013,33.466,193.3172,234.6211,0,U,34301,999,84017,0.0048292,0.0002943,0.0
COSMOS 2251 DEB,1993-036MY,2025-02-17T04:33:35.219808,14.37139818,0.0082456,74.1817,309.0166,247.6934,238.58,0,U,34302,999,83428,0.0015063,4.633e-05,0.0
COSMOS 2251 DEB,1993-036MZ,2025-02-17T11:25:47.377920,14.4946036,0.0150867,74.0076,131.2928,341.1706,30.0471,0,U,34303,999,83649,0.0023352,0.00010327,0.0
COSMOS 2251 DEB,1993-036NA,2025-02-17T11:24:42.211584,14.34650747,0.0136393,74.0158,311.3241,160.457,12.7581,0,U,34304,999,83033,0.0016897,5.284e-05,0.0
COSMOS 2251 DEB,1993-036ND,2025-02-16T19:26:20.773824,13.53473991,0.039616,74.0519,72.4762,327.7971,210.0117,0,U,34307,999,78816,0.0015787,1.723e-05,0.0
COSMOS 2251 DEB,1993-036NK,2025-02-16T19:28:11.629344,14.87584393,0.0031296,73.9887,195.856,51.4286,308.969,0,U,34313,999,84580,0.0049346,0.00045504,0.0
COSMOS 2251 DEB,1993-036NL,2025-02-17T11:17:46.203360,14.16482828,0.0107763,74.0052,120.2642,294.8629,75.3928,0,U,34314,999,82446,0.00089446,1.858e-05,0.0
COSMOS 2251 DEB,1993-036NN,2025-02-16T20:04:34.597920,14.79348744,0.0013336,74.0694,209.945,40.1177,320.0981,0,U,34316,999,84770,0.0036575,0.00027367,0.0
COSMOS 2251 DEB,1993-036NP,2025-02-17T07:59:06.014400,13.64577123,0.0338537,73.9266,166.817,213.2986,181.983,0,U,34317,999,79588,0.0020947,2.462e-05,0.0
COSMOS 2251 DEB,1993-036NT,2025-02-16T22:49:49.389312,14.48347896,0.0017128,74.0325,356.9966,205.9005,218.0699,0,U,34321,999,84158,0.0012309,4.589e-05,0.0
COSMOS 2251 DEB,1993-036NV,2025-02-16T23:20:26.844288,14.65324292,0.0069244,73.96,345.0978,102.7922,337.6032,0,U,34323,999,84050,0.0038716,0.00021687,0.0
COSMOS 2251 DEB,1993-036NX,2025-02-16T14:26:45.342816,14.02476834,0.0193835,73.875,359.0757,73.4932,98.038,0,U,34325,999,81354,0.0031435,5.683e-05,0.0
COSMOS 2251 DEB,1993-036NZ,2025-02-16T10:34:48.855936,14.803433,0.0043081,73.9982,47.436,297.4866,192.0,0,U,34327,999,85128,0.0027133,0.00021056,0.0
COSMOS 2251 DEB,1993-036PN,2025-02-17T03:48:44.032608,13.78545108,0.0298083,74.0767,86.3445,264.0332,152.386,0,U,34340,999,80167,0.0021399,2.995e-05,0.0
COSMOS 2251 DEB,1993-036PQ,2025-02-17T09:44:08.814048,15.19319599,0.0030622,74.1613,40.3553,73.8226,41.6664,0,U,34342,999,85575,0.0053795,0.00116834,0.0
COSMOS 2251 DEB,1993-036PR,2025-02-17T10:03:09.255168,14.63228711,0.0024069,74.0229,305.281,289.9637,185.9596,0,U,34343,999,84376,0.0027995,0.00014484,0.0
COSMOS 2251 DEB,1993-036PS,2025-02-16T17:48:02.681280,14.13514561,0.016265,73.9806,282.9047,172.7689,262.9688,0,U,34344,999,81867,0.0021667,4.606e-05,0.0
COSMOS 2251 DEB,1993-036PU,2025-02-16T13:28:10.671168,13.98026271,0.0213872,73.9943,110.7306,353.4465,124.197,0,U,34346,999,81226,0.0012153,2.073e-05,0.0
COSMOS 2251 DEB,1993-036PY,2025-02-17T11:42:16.859232,14.86236092,0.0012195,74.0279,180.9757,29.1502,49.4378,0,U,34383,999,84671,0.0058813,0.00052136,0.0
COSMOS 2251 DEB,1993-036QC,2025-02-16T17:49:00.451776,14.42860308,0.0040415,74.0413,47.2351,221.79,312.0864,0,U,34387,999,83867,0.00064511,2.149e-05,0.0
COSMOS 2251 DEB,1993-036QD,2025-02-16T19:08:45.506688,14.47089194,0.0014131,74.0392,62.8185,200.4093,333.0717,0,U,34388,999,83827,0.001299,4.715e-05,0.0
COSMOS 2251 DEB,1993-036QE,2025-02-17T04:58:22.601856,14.40436722,0.0031949,74.018,82.9249,270.1388,164.906,0,U,34389,999,83712,0.00074814,2.366e-05,0.0
COSMOS 2251 DEB,1993-036QF,2025-02-17T09:12:54.351360,14.99775135,0.0029689,74.0734,157.0624,229.0829,190.7957,0,U,34390,999,84804,0.0063112,0.00079611,0.0
COSMOS 2251 DEB,1993-036QM,2025-02-16T20:46:31.175904,14.65860846,0.0008146,74.0355,343.7952,138.5278,277.8842,0,U,34396,999,83954,0.0035409,0.00019379,0.0
COSMOS 2251 DEB,1993-036QR,2025-02-16T17:21:37.077984,15.03102961,0.0038902,73.9907,293.3441,164.9228,195.313,0,U,34400,999,85428,0.0027841,0.00038361,0.0
COSMOS 2251 DEB,1993-036QS,2025-02-17T09:32:23.827200,15.18616671,0.0029858,74.0278,148.3855,304.2125,128.2013,0,U,34401,999,84924,0.0071026,0.00151773,0.0
COSMOS 2251 DEB,1993-036RA,2025-02-17T00:34:26.465088,14.57209196,0.0082634,74.0641,153.8069,306.4923,228.109,0,U,34409,999,84883,0.00039788,1.851e-05,0.0
COSMOS 2251 DEB,1993-036RB,2025-02-17T09:29:25.715328,14.95870156,0.0038651,73.7545,164.7138,55.3502,14.3236,0,U,34410,999,85374,0.0036182,0.00041271,0.0
COSMOS 2251 DEB,1993-036RD,2025-02-17T08:54:43.263648,14.43262202,0.0202014,73.949,164.0464,326.3224,32.5225,0,U,34412,999,83361,0.0014792,6.352e-05,0.0
COSMOS 2251 DEB,1993-036RE,2025-02-16T12:47:38.739264,14.26472038,0.0097803,74.0306,87.1518,238.3764,273.5487,0,U,34413,999,82860,0.002392,6.037e-05,0.0
COSMOS 2251 DEB,1993-036RM,2025-02-16T21:19:33.831264,14.67307341,0.0107515,74.0353,321.5711,159.4737,319.413,0,U,34420,999,85385,0.00029995,1.812e-05,0.0
COSMOS 2251 DEB,1993-036RS,2025-02-17T08:07:44.978592,14.59452853,0.0027394,74.0208,265.2067,104.7428,255.6776,0,U,34425,999,84398,0.0014366,6.825e-05,0.0
COSMOS 2251 DEB,1993-036RV,2025-02-17T13:42:04.595328,15.16774038,0.0016705,74.0126,219.8732,29.986,35.661,0,U,34428,999,84573,0.008628,0.00174096,0.0
COSMOS 2251 DEB,1993-036RW,2025-02-17T12:02:31.507584,14.95016998,0.0033319,73.9932,68.0485,293.8878,193.5043,0,U,34429,999,85040,0.0046371,0.00051636,0.0
COSMOS 2251 DEB,1993-036RX,2025-02-16T23:40:42.804192,14.38592866,0.0063506,74.0518,134.1301,280.1282,79.2712,0,U,34430,999,83685,0.00063562,1.965e-05,0.0
COSMOS 2251 DEB,1993-036RY,2025-02-16T23:11:03.119712,14.27589539,0.0067237,74.0791,355.5178,55.4124,305.3343,0,U,34431,999,82877,0.0017186,4.31e-05,0.0
COSMOS 2251 DEB,1993-036RZ,2025-02-16T21:25:06.068640,14.01938682,0.018433,73.8273,268.4067,43.8306,329.1274,0,U,34432,999,81541,0.0013144,2.299e-05,0.0
COSMOS 2251 DEB,1993-036SA,2025-02-17T03:51:08.747424,14.10518366,0.0160368,74.0204,322.7464,167.9908,192.513,0,U,34433,999,81784,0.0013154,2.618e-05,0.0
COSMOS 2251 DEB,1993-036SB,2025-02-17T10:18:44.053056,13.85579315,0.0295124,74.0602,155.7819,0.4278,111.8055,0,U,34434,999,79854,0.0043794,7.013e-05,0.0
COSMOS 2251 DEB,1993-036SK,2025-02-17T03:12:38.015712,15.169877,0.0034159,73.9929,303.1056,152.245,208.0578,0,U,34442,999,85443,0.0045281,0.0009191,0.0
COSMOS 2251 DEB,1993-036SP,2025-02-17T12:36:03.940704,14.48875766,0.0050478,74.0393,256.3151,108.1813,252.4852,0,U,34446,999,84401,0.00026634,9.96e-06,0.0
COSMOS 2251 DEB,1993-036SS,2025-02-17T11:06:17.108064,14.78003308,0.0034908,74.0401,303.4144,81.4923,90.8609,0,U,34449,999,84263,0.0048343,0.00035395,0.0
COSMOS 2251 DEB,1993-036SU,2025-02-17T02:34:52.853952,14.77936661,0.003393,74.0553,321.2998,81.064,279.4374,0,U,34451,999,84226,0.0047889,0.00034986,0.0
COSMOS 2251 DEB,1993-036SV,2025-02-16T20:26:43.560384,15.01856316,0.0081169,74.037,76.6039,237.4514,179.0716,0,U,34452,999,86161,0.0012952,0.00018162,0.0
COSMOS 2251 DEB,1993-036SW,2025-02-17T06:42:39.935232,14.89419523,0.0031084,74.1548,353.2846,274.6938,237.5104,0,U,34453,999,84402,0.0063961,0.00061867,0.0
COSMOS 2251 DEB,1993-036SX,2025-02-17T10:30:23.869728,14.38212625,0.0036995,74.0577,106.7621,247.6835,112.0395,0,U,34454,999,83791,0.00043664,1.311e-05,0.0
COSMOS 2251 DEB,1993-036TA,2025-02-17T07:41:02.059008,15.2205693,0.0045043,73.9824,343.5623,190.3376,169.6901,0,U,34457,999,85257,0.0058641,0.00140456,0.0
COSMOS 2251 DEB,1993-036TC,2025-02-17T10:10:54.059520,13.99932172,0.019353,74.0782,49.4083,191.9796,167.6703,0,U,34459,999,81545,0.00061423,1.037e-05,0.0
COSMOS 2251 DEB,1993-036TH,2025-02-16T21:08:36.947616,14.98014631,0.0036644,74.011,336.7447,209.1469,211.825,0,U,34464,999,85328,0.0033847,0.00040739,0.0
COSMOS 2251 DEB,1993-036TM,2025-02-16T20:49:24.582432,14.46655939,0.0077054,74.0153,316.7049,174.7444,185.4543,0,U,34468,999,84138,0.0005028,1.856e-05,0.0
COSMOS 2251 DEB,1993-036TR,2025-02-17T12:24:23.743872,13.69312957,0.0334,74.0817,228.1848,67.8036,295.8159,0,U,34472,999,79691,0.0028344,3.622e-05,0.0
COSMOS 2251 DEB,1993-036TS,2025-02-16T22:49:11.484768,15.0255117,0.0007433,74.0079,291.625,128.7358,242.8967,0,U,34473,999,84365,0.0077697,0.00104915,0.0
COSMOS 2251 DEB,1993-036TT,2025-02-16T22:05:06.254592,14.04019947,0.0211342,74.0773,126.8963,274.5781,203.9467,0,U,34474,999,81343,0.0035429,6.815e-05,0.0
COSMOS 2251 DEB,1993-036TV,2025-02-17T12:26:02.118912,13.7805926,0.0329824,74.0074,223.5465,146.7189,215.5159,0,U,34476,999,79522,0.011199,0.00016874,0.0
COSMOS 2251 DEB,1993-036TW,2025-02-16T17:58:46.307712,14.5408046,0.0080342,73.9781,278.0671,175.4979,256.0893,0,U,34477,999,84275,0.0011071,4.853e-05,0.0
COSMOS 2251 DEB,1993-036TX,2025-02-17T14:02:27.951072,14.85621504,0.0060019,74.0485,248.9511,178.5005,243.555,0,U,34478,999,84579,0.0037024,0.00033244,0.0
COSMOS 2251 DEB,1993-036UA,2025-02-16T22:41:57.451776,14.3110942,0.007152,73.9775,240.2684,120.9803,0.2565,0,U,34481,999,83172,0.00098026,2.633e-05,0.0
COSMOS 2251 DEB,1993-036UB,2025-02-17T04:03:56.616192,14.6082082,0.0054126,74.0391,77.8514,221.2451,201.2267,0,U,34482,999,83863,0.0032549,0.00016244,0.0
COSMOS 2251 DEB,1993-036UE,2025-02-17T05:19:47.858016,13.5418496,0.0383406,73.919,327.1323,50.6411,97.4141,0,U,34544,999,78907,0.0019362,2.083e-05,0.0
COSMOS 2251 DEB,1993-036UG,2025-02-17T04:47:09.930336,14.43593443,0.0024054,74.0307,85.0662,240.4266,184.186,0,U,34546,999,83758,0.0010855,3.667e-05,0.0
COSMOS 2251 DEB,1993-036UH,2025-02-17T00:13:42.648096,14.65043416,0.0023519,74.0364,318.8548,122.3542,237.9908,0,U,34547,999,84186,0.0029888,0.00016105,0.0
COSMOS 2251 DEB,1993-036UP,2025-02-16T17:24:32.947776,14.5361954,0.0022328,74.0274,38.9558,200.9487,208.8729,0,U,34553,999,83745,0.0022887,9.587e-05,0.0
COSMOS 2251 DEB,1993-036UQ,2025-02-17T12:15:57.091680,14.37164626,0.0025142,74.0387,127.806,268.7253,102.6656,0,U,34554,999,83528,0.00054327,1.595e-05,0.0
COSMOS 2251 DEB,1993-036US,2025-02-16T20:48:11.939904,14.67731269,0.0011837,74.0234,347.491,149.6411,270.5565,0,U,34556,999,83929,0.0034886,0.00019925,0.0
COSMOS 2251 DEB,1993-036UW,2025-02-16T21:38:01.492224,14.6394982,0.0019184,74.0231,0.4275,169.2476,253.6151,0,U,34560,999,83866,0.0040827,0.00021469,0.0
COSMOS 2251 DEB,1993-036UZ,2025-02-16T18:29:41.591328,14.45068998,0.0015122,74.0391,41.2816,219.2395,206.8211,0,U,34563,999,83876,0.00097188,3.376e-05,0.0
COSMOS 2251 DEB,1993-036VA,2025-02-17T03:12:36.318816,14.39976617,0.0020863,74.0312,70.1863,252.7105,174.9007,0,U,34564,999,83769,0.00049086,1.523e-05,0.0
COSMOS 2251 DEB,1993-036VD,2025-02-16T21:24:26.862048,14.23627476,0.0073158,74.0445,334.4768,120.7451,308.3485,0,U,34567,999,82971,0.00034962,7.95e-06,0.0
COSMOS 2251 DEB,1993-036VF,2025-02-17T04:43:27.420960,14.23408879,0.0162967,73.9945,17.4344,273.7646,96.4828,0,U,34569,999,82731,0.0014985,3.874e-05,0.0
COSMOS 2251 DEB,1993-036VG,2025-02-16T16:41:33.453312,13.98919761,0.0194013,73.9618,18.0514,322.7827,213.6294,0,U,34570,999,81417,0.0022326,3.761e-05,0.0
COSMOS 2251 DEB,1993-036VH,2025-02-16T08:24:54.958176,14.42279379,0.0070796,74.0447,20.6161,136.1978,224.4824,0,U,34571,999,82967,0.0040154,0.00013654,0.0
COSMOS 2251 DEB,1993-036VJ,2025-02-17T02:49:43.256064,14.43790289,0.0071797,74.0135,314.3419,103.0451,325.8507,0,U,34572,999,83057,0.0037354,0.00013116,0.0
COSMOS 2251 DEB,1993-036VL,2025-02-16T20:05:55.179744,14.6568917,0.0072562,74.0684,259.8928,2.3939,9.1198,0,U,34574,999,84392,0.0016,9.033e-05,0.0
COSMOS 2251 DEB,1993-036VN,2025-02-16T06:10:03.873792,14.52753965,0.0009892,74.0391,344.3999,203.1353,307.3088,0,U,34576,999,84113,0.0018012,7.379e-05,0.0
COSMOS 2251 DEB,1993-036VP,2025-02-17T10:40:33.167712,14.9976085,0.0026345,74.025,72.3942,290.5979,69.2382,0,U,34577,999,85025,0.004701,0.00058985,0.0
COSMOS 2251 DEB,1993-036VR,2025-02-17T10:21:58.633632,14.44019946,0.002824,74.0531,58.7192,208.5966,273.2282,0,U,34579,999,83890,0.00093114,3.174e-05,0.0
COSMOS 2251 DEB,1993-036VU,2025-02-16T13:13:50.727648,14.41648168,0.0052843,74.0193,108.0482,292.1584,67.3968,0,U,34582,999,83633,0.0010165,3.341e-05,0.0
COSMOS 2251 DEB,1993-036WA,2025-02-16T21:52:18.664032,14.40824024,0.0020279,74.0427,101.4829,237.1612,296.719,0,U,34588,999,83667,0.00081548,2.592e-05,0.0
COSMOS 2251 DEB,1993-036WB,2025-02-17T09:37:35.378688,13.85405315,0.0252486,73.926,204.1192,206.5725,181.2604,0,U,34589,999,80680,0.0023549,3.415e-05,0.0
COSMOS 2251 DEB,1993-036WC,2025-02-16T09:09:15.509664,14.54295447,0.0069887,74.0445,168.6146,13.113,42.9966,0,U,34590,999,84768,0.00026204,1.118e-05,0.0
COSMOS 2251 DEB,1993-036WE,2025-02-16T10:40:49.130976,14.20184148,0.0148151,73.7339,293.0882,200.6147,333.5774,0,U,34609,999,82380,0.0011026,2.601e-05,0.0
COSMOS 2251 DEB,1993-036WF,2025-02-15T11:52:19.711776,14.04815069,0.0190581,74.0187,67.8748,267.2641,90.6669,0,U,34610,999,81340,0.00282,5.3e-05,0.0
COSMOS 2251 DEB,1993-036WG,2025-02-17T04:13:53.336928,14.63142075,0.0025264,74.0574,315.8835,83.5178,66.5721,0,U,34611,999,84082,0.0025896,0.00013374,0.0
COSMOS 2251 DEB,1993-036WJ,2025-02-17T13:21:40.843872,14.23470934,0.0117623,73.963,98.8111,353.3903,131.799,0,U,34613,999,82252,0.0024891,6.054e-05,0.0
COSMOS 2251 DEB,1993-036WK,2025-02-16T07:04:11.678304,14.10936059,0.0207741,73.8842,160.0299,216.4214,173.1601,0,U,34614,999,80533,0.010919,0.00024037,0.0
COSMOS 2251 DEB,1993-036WL,2025-02-17T01:45:39.813408,13.51563114,0.0399386,74.0042,52.8968,20.5999,34.6198,0,U,34615,999,78778,0.0015028,1.596e-05,0.0
COSMOS 2251 DEB,1993-036WQ,2025-02-16T17:06:51.078816,14.63492327,0.0096871,74.0449,54.0353,227.0748,132.2263,0,U,34619,999,84922,0.00042541,2.326e-05,0.0
COSMOS 2251 DEB,1993-036WR,2025-02-17T10:03:10.017216,14.42080682,0.0087895,74.0555,55.291,172.3303,187.9223,0,U,34620,999,82557,0.0041997,0.00014458,0.0
COSMOS 2251 DEB,1993-036WT,2025-02-16T14:43:16.182336,14.20428027,0.0112542,74.0417,123.0323,278.5457,151.3045,0,U,34622,999,82220,0.0018945,4.306e-05,0.0
COSMOS 2251 DEB,1993-036WX,2025-02-17T01:36:17.252640,14.67864778,0.0031552,74.051,182.6356,352.3053,127.556,0,U,34626,999,84767,0.001807,0.00010388,0.0
COSMOS 2251 DEB,1993-036XF,2025-02-17T11:46:53.711616,14.54294692,0.0045916,74.0502,239.02,61.4893,321.1084,0,U,34634,999,84514,0.00079048,3.373e-05,0.0
COSMOS 2251 DEB,1993-036XG,2025-02-17T10:55:30.703872,14.63124845,0.0032651,74.0465,284.7929,74.602,348.7137,0,U,34635,999,84320,0.0021152,0.00010944,0.0
COSMOS 2251 DEB,1993-036XJ,2025-02-17T02:58:48.065952,14.56955029,0.0052777,74.0514,309.1942,97.1901,26.8207,0,U,34637,999,84232,0.0016879,7.706e-05,0.0
COSMOS 2251 DEB,1993-036XN,2025-02-16T22:36:43.551936,14.49127923,0.0019476,73.8393,290.1305,265.0229,106.835,0,U,34641,999,83923,0.0010511,3.98e-05,0.0
COSMOS 2251 DEB,1993-036XP,2025-02-17T12:06:14.639040,13.97198493,0.0213376,74.0038,135.677,19.569,352.4121,0,U,34642,999,81170,0.0017691,2.979e-05,0.0
COSMOS 2251 DEB,1993-036XR,2025-02-16T06:58:11.887968,14.60707532,0.0014264,74.0319,349.5349,157.0878,355.3889,0,U,34671,999,83915,0.0032087,0.00015668,0.0
COSMOS 2251 DEB,1993-036XS,2025-02-15T14:37:44.154912,14.35820546,0.0026096,74.0341,136.7677,285.3499,141.4087,0,U,34672,999,83427,0.00043352,1.234e-05,0.0
COSMOS 2251 DEB,1993-036XY,2025-02-16T15:53:45.398400,14.30001061,0.0026256,74.0372,189.3855,310.8728,60.5401,0,U,34678,999,83104,6.4839e-05,1.42e-06,0.0
COSMOS 2251 DEB,1993-036YA,2025-02-16T13:40:54.399648,14.56781448,0.0008268,74.0473,339.3707,166.375,6.3835,0,U,34680,999,83993,0.0020733,9.266e-05,0.0
COSMOS 2251 DEB,1993-036YB,2025-02-16T17:06:12.951360,14.75708284,0.00311,74.067,157.9596,302.971,172.9807,0,U,34681,999,84848,0.0021805,0.00015031,0.0
COSMOS 2251 DEB,1993-036YC,2025-02-17T03:19:58.921824,14.56097512,0.001986,74.0401,290.4433,139.0721,15.4738,0,U,34682,999,84335,0.0013377,5.89e-05,0.0
COSMOS 2251 DEB,1993-036YD,2025-02-16T18:08:24.004896,14.59870725,0.0021657,74.0314,305.1045,136.3448,279.9388,0,U,34683,999,83978,0.0017952,8.6e-05,0.0
COSMOS 2251 DEB,1993-036YF,2025-02-17T03:02:22.953984,14.5411406,0.0016283,74.0342,355.0698,181.8844,189.5486,0,U,34685,999,84237,0.002099,8.869e-05,0.0
COSMOS 2251 DEB,1993-036YK,2025-02-16T09:01:32.345184,13.99443632,0.0242769,74.0917,21.867,166.1501,346.8684,0,U,34689,999,80146,0.0032944,6.166e-05,0.0
COSMOS 2251 DEB,1993-036YP,2025-02-17T04:37:18.253632,13.95150433,0.0219954,73.9227,123.4976,122.3882,270.199,0,U,34721,999,80982,0.0020306,3.332e-05,0.0
COSMOS 2251 DEB,1993-036YQ,2025-02-16T13:51:05.288256,14.10929283,0.016696,73.8878,148.954,132.3301,241.8678,0,U,34722,999,82023,0.0013262,2.688e-05,0.0
COSMOS 2251 DEB,1993-036YU,2025-02-17T12:24:04.688352,14.57659923,0.0044622,74.029,194.4112,57.4346,303.1116,0,U,34726,999,84175,0.00089909,4.129e-05,0.0
COSMOS 2251 DEB,1993-036YW,2025-02-17T03:55:35.435712,14.67293109,0.004696,74.0179,110.5837,342.1189,17.8325,0,U,34728,999,84494,0.0012966,7.412e-05,0.0
COSMOS 2251 DEB,1993-036YX,2025-02-16T21:31:02.181792,14.72833786,0.0019908,74.0193,225.7203,67.9373,2.7304,0,U,34729,999,84043,0.0031526,0.00020266,0.0
COSMOS 2251 DEB,1993-036ZA,2025-02-17T10:27:10.904832,14.46870307,0.0039483,74.045,290.4253,156.9465,15.437,0,U,34732,999,83894,0.00024463,8.69e-06,0.0
COSMOS 2251 DEB,1993-036ZE,2025-02-17T02:25:33.451968,14.88003496,0.0006959,74.0181,291.4144,128.8005,352.4121,0,U,34736,999,83979,0.0061318,0.00056755,0.0
COSMOS 2251 DEB,1993-036ZG,2025-02-16T21:02:13.612416,14.45364512,0.0048253,74.0197,341.4413,201.776,215.5377,0,U,34738,999,83539,0.00058465,2.058e-05,0.0
COSMOS 2251 DEB,1993-036ZU,2025-02-16T18:49:50.933856,14.56896924,0.0037573,74.1101,49.0557,81.8695,333.7936,0,U,34750,999,83870,0.0021418,9.686e-05,0.0
COSMOS 2251 DEB,1993-036ZW,2025-02-17T11:59:31.062912,14.90560845,0.0060763,74.0145,243.0625,91.4602,269.3541,0,U,34752,999,85395,0.0021283,0.00021588,0.0
COSMOS 2251 DEB,1993-036ZY,2025-02-16T19:57:05.785344,14.39879337,0.0031377,74.0291,60.2721,252.6062,170.0387,0,U,34754,999,83830,0.00039376,1.218e-05,0.0
COSMOS 2251 DEB,1993-036ZZ,2025-02-17T10:20:43.554624,13.49814513,0.0406798,73.9244,49.1575,124.9638,23.5907,0,U,34755,999,78597,0.0009951,1.036e-05,0.0
COSMOS 2251 DEB,1993-036AAA,2025-02-17T12:24:35.511552,13.66016849,0.0348374,74.0031,234.3021,172.5678,188.0802,0,U,34756,999,79454,0.003488,4.334e-05,0.0
COSMOS 2251 DEB,1993-036AAC,2025-02-16T07:19:35.606208,13.57197349,0.0393203,74.1052,61.1272,254.1176,101.6275,0,U,34758,999,78846,0.0018468,2.154e-05,0.0
COSMOS 2251 DEB,1993-036AAE,2025-02-17T11:03:00.997344,14.1869075,0.0099688,74.0636,114.2948,241.3588,130.5104,0,U,34760,999,82488,0.0010067,2.169e-05,0.0
COSMOS 2251 DEB,1993-036AAF,2025-02-16T09:07:13.977696,14.36566066,0.0039109,74.0295,193.8355,304.0592,55.685,0,U,34761,999,83348,0.0014115,4.16e-05,0.0
COSMOS 2251 DEB,1993-036AAM,2025-02-17T02:25:01.980768,14.5872951,0.005225,74.008,175.0869,55.3575,305.2499,0,U,34784,999,84251,0.0010857,5.138e-05,0.0
COSMOS 2251 DEB,1993-036AAR,2025-02-17T11:41:45.320640,15.39607225,0.0052597,73.959,231.7588,70.4509,290.2367,0,U,34788,999,86889,0.0021884,0.0009151,0.0
COSMOS 2251 DEB,1993-036AAT,2025-02-17T11:16:59.803968,14.23372765,0.0102439,74.0535,60.1977,196.6975,314.8703,0,U,34790,999,82470,0.0012087,2.87e-05,0.0
COSMOS 2251 DEB,1993-036AAV,2025-02-16T22:49:00.188832,14.52640658,0.0014474,74.0226,15.3521,195.7764,221.1741,0,U,34792,999,83306,0.0021945,8.983e-05,0.0
COSMOS 2251 DEB,1993-036AAW,2025-02-16T12:35:07.717632,14.3795707,0.0053414,74.0012,82.8909,307.3854,203.3194,0,U,34793,999,83028,0.00046981,1.417e-05,0.0
COSMOS 2251 DEB,1993-036AAZ,2025-02-16T18:37:39.107712,14.46535791,0.0105857,74.0312,55.9098,233.5002,301.248,0,U,34796,999,83701,0.0012024,4.617e-05,0.0
COSMOS 2251 DEB,1993-036ABA,2025-02-17T02:31:30.086112,14.38839487,0.0079013,73.9788,294.5215,117.0682,243.8562,0,U,34797,999,82855,0.0031611,0.00010074,0.0
COSMOS 2251 DEB,1993-036ABC,2025-02-15T00:09:39.159936,13.47645317,0.0451642,73.9303,255.2996,345.4327,13.41,0,U,34813,999,77600,0.004004,4.57e-05,0.0
COSMOS 2251 DEB,1993-036ABD,2025-02-16T01:59:19.838400,14.35028363,0.0054749,73.8971,160.3455,108.9956,64.1978,0,U,34814,999,83031,0.0018014,5.198e-05,0.0
COSMOS 2251 DEB,1993-036ABE,2025-02-16T10:20:43.784448,14.7330412,0.0065543,74.0444,107.1936,257.8985,101.4839,0,U,34815,999,84212,0.0014702,9.821e-05,0.0
COSMOS 2251 DEB,1993-036ABF,2025-02-16T09:00:57.145824,13.57647845,0.0375183,73.8863,271.3124,29.5582,142.0653,0,U,34816,999,78719,0.0012246,1.37e-05,0.0
COSMOS 2251 DEB,1993-036ABH,2025-02-16T23:19:19.886016,14.36378129,0.0026367,74.0356,126.0557,278.3927,255.0902,0,U,34818,999,83096,0.00045439,1.309e-05,0.0
COSMOS 2251 DEB,1993-036ABJ,2025-02-17T02:03:26.790336,14.58691181,0.0018494,74.0234,354.4531,171.6734,199.9923,0,U,34819,999,83983,0.0028473,0.00013308,0.0
COSMOS 2251 DEB,1993-036ABN,2025-02-16T10:53:35.854944,14.52672547,0.0159738,74.0428,307.7662,108.1509,253.712,0,U,34823,999,84032,0.00097683,4.708e-05,0.0
COSMOS 2251 DEB,1993-036ABP,2025-02-16T13:14:17.165184,14.45037107,0.0023379,74.0291,346.4454,223.9469,135.983,0,U,34845,999,83665,0.00058972,2.04e-05,0.0
COSMOS 2251 DEB,1993-036ABQ,2025-02-16T09:57:39.502656,14.44879691,0.0028757,74.0305,100.5276,248.3972,111.4121,0,U,34846,999,83077,0.0012844,4.469e-05,0.0
COSMOS 2251 DEB,1993-036ABR,2025-02-17T00:18:36.550656,15.42357187,0.0034283,74.0023,271.9164,47.4993,312.9103,0,U,34847,999,86271,0.0019366,0.00086266,0.0
COSMOS 2251 DEB,1993-036ABW,2025-02-15T19:12:39.062304,14.36691926,0.0017929,74.0312,94.4801,274.7322,85.1784,0,U,34852,999,83226,0.00019769,5.57e-06,0.0
COSMOS 2251 DEB,1993-036ABY,2025-02-16T05:12:48.614976,14.72978691,0.0071589,74.0329,24.0394,214.4963,145.1554,0,U,34854,999,67466,0.0012532,8.356e-05,0.0
COSMOS 2251 DEB,1993-036ACA,2025-02-16T20:54:52.864416,14.91100065,0.0051532,74.0048,331.9347,185.9647,235.8123,0,U,34856,999,84636,0.0022396,0.00022807,0.0
COSMOS 2251 DEB,1993-036ACB,2025-02-16T22:18:38.339424,14.555,0.0070557,74.0187,315.2426,154.1858,332.0542,0,U,34857,999,83548,0.0015594,6.997e-05,0.0
COSMOS 2251 DEB,1993-036ACD,2025-02-17T13:33:18.999072,14.85368858,0.0008506,74.0337,224.2516,74.0264,348.0972,0,U,34859,999,83897,0.0047186,0.00040853,0.0
COSMOS 2251 DEB,1993-036ACF,2025-02-16T17:12:56.293344,14.81684449,0.0008832,74.0201,291.6403,103.5433,313.1641,0,U,34861,999,83633,0.0047477,0.00037593,0.0
COSMOS 2251 DEB,1993-036ACM,2025-02-16T20:29:00.544128,14.34317264,0.0053065,74.0362,261.8308,1.0686,10.9262,0,U,34874,999,82756,0.0010906,3.088e-05,0.0
COSMOS 2251 DEB,1993-036ACN,2025-02-17T07:53:02.635872,14.47561736,0.0017027,74.0487,356.728,201.0868,316.0361,0,U,34875,999,83449,0.0011098,4.067e-05,0.0
COSMOS 2251 DEB,1993-036ACR,2025-02-16T00:36:17.081280,13.43624228,0.0437883,73.9665,162.6487,204.293,276.97,0,U,34878,999,77246,0.0023397,2.369e-05,0.0
COSMOS 2251 DEB,1993-036ACV,2025-02-15T11:49:20.976960,14.60758721,0.0085619,74.0452,79.3002,284.143,75.0233,0,U,34882,999,84139,0.00034694,1.75e-05,0.0
COSMOS 2251 DEB,1993-036ACW,2025-02-17T13:14:33.614880,14.40531,0.0115171,74.2005,253.7084,160.4397,200.1234,0,U,34883,999,82302,0.0068626,0.00023688,0.0
COSMOS 2251 DEB,1993-036ACX,2025-02-16T22:14:17.748384,14.7519965,0.0009786,74.0224,288.0098,114.7356,256.7609,0,U,34884,999,83378,0.0037932,0.00025725,0.0
COSMOS 2251 DEB,1993-036ACY,2025-02-17T11:04:05.711808,14.49251812,0.0016275,74.0342,23.69,193.8531,304.4969,0,U,34885,999,83161,0.0017287,6.58e-05,0.0
COSMOS 2251 DEB,1993-036ACZ,2025-02-15T09:47:52.910592,15.09479814,0.0062245,73.9643,95.5951,348.7471,11.2324,0,U,34886,999,58429,0.0022494,0.00037874,0.0
COSMOS 2251 DEB,1993-036ADC,2025-02-16T03:44:56.848992,14.86567145,0.0008788,74.0016,304.147,144.4331,343.6431,0,U,34907,999,83465,0.0061238,0.00054715,0.0
COSMOS 2251 DEB,1993-036ADD,2025-02-16T05:13:57.940608,14.36040766,0.0042229,74.0576,213.481,307.1764,226.2775,0,U,34908,999,82977,0.0012038,3.512e-05,0.0
COSMOS 2251 DEB,1993-036ADE,2025-02-16T10:57:40.963968,14.74757679,0.0089399,74.0157,303.5432,155.518,205.028,0,U,34909,999,62435,0.00083942,5.96e-05,0.0
COSMOS 2251 DEB,1993-036ADF,2025-02-16T17:35:15.062208,13.3710452,0.0469904,73.8726,213.0514,22.6738,350.673,0,U,34910,999,77527,0.00086499,8.3e-06,0.0
COSMOS 2251 DEB,1993-036ADG,2025-02-16T13:28:04.329408,14.587312,0.0086222,74.0399,94.6673,296.7837,214.418,0,U,34911,999,84223,0.00025312,1.211e-05,0.0
COSMOS 2251 DEB,1993-036ADJ,2025-02-17T12:09:38.170656,14.34515405,0.002227,74.0271,109.0016,292.4676,131.1449,0,U,34913,999,83196,9.7553e-05,2.49e-06,0.0
COSMOS 2251 DEB,1993-036ADK,2025-02-17T12:58:52.444992,15.40170206,0.0038831,73.9738,340.5351,311.6971,48.0915,0,U,34914,999,84722,0.006012,0.00255732,0.0
COSMOS 2251 DEB,1993-036ADP,2025-02-14T07:43:54.642144,14.54633734,0.0033885,74.0734,165.8418,212.9509,177.8655,0,U,34918,999,83011,0.004304,0.00018555,0.0
COSMOS 2251 DEB,1993-036ADR,2025-02-11T14:47:24.393984,15.03797918,0.0009449,74.0051,267.254,129.2918,230.911,0,U,34920,999,83851,0.0057404,0.00079847,0.0
COSMOS 2251 DEB,1993-036ADV,2025-02-17T10:20:47.554080,14.56762907,0.0058073,74.042,297.0961,98.2302,74.7567,0,U,34924,999,83379,0.0016592,7.573e-05,0.0
COSMOS 2251 DEB,1993-036ADX,2025-02-16T06:32:35.742624,14.12755607,0.0226282,73.7482,51.7731,307.1144,50.9504,0,U,34944,999,59851,0.0020497,4.826e-05,0.0
COSMOS 2251 DEB,1993-036ADZ,2025-02-16T03:31:27.489216,14.59592184,0.0052492,74.0234,195.0621,45.4746,315.0689,0,U,34946,999,83834,0.0012553,6.062e-05,0.0
COSMOS 2251 DEB,1993-036AEB,2025-02-17T09:48:34.690176,15.21741218,0.0013605,73.9866,281.3155,126.389,46.8649,0,U,34948,999,83684,0.011363,0.00267715,0.0
COSMOS 2251 DEB,1993-036AEC,2025-02-15T11:18:32.651136,14.71503074,0.0084274,74.0226,335.1,197.2006,162.6308,0,U,34949,999,83941,0.00076483,4.987e-05,0.0
COSMOS 2251 DEB,1993-036AEE,2025-02-17T03:19:32.093760,15.08907101,0.0034981,74.0034,312.4517,164.994,195.2298,0,U,34951,999,84701,0.0039267,0.00063333,0.0
COSMOS 2251 DEB,1993-036AEG,2025-02-17T12:16:42.499200,14.64791752,0.0061318,74.0919,241.0479,315.2115,73.7754,0,U,34953,999,83825,0.0017369,9.505e-05,0.0
COSMOS 2251 DEB,1993-036AEH,2025-02-17T12:40:07.244832,15.03212307,0.0016496,73.9718,246.9877,104.8725,255.4291,0,U,34954,999,83739,0.0078425,0.00108048,0.0
COSMOS 2251 DEB,1993-036AEJ,2025-02-15T14:09:38.297376,14.93933642,0.008943,74.0404,133.8515,286.1641,72.9713,0,U,34955,999,85556,0.0012319,0.00014177,0.0
COSMOS 2251 DEB,1993-036AEM,2025-02-17T12:55:59.056608,15.32287439,0.0062518,73.9991,247.4489,49.8742,310.7915,0,U,34958,999,86166,0.0017825,0.00059532,0.0
COSMOS 2251 DEB,1993-036AER,2025-02-17T09:00:04.089312,14.45135647,0.0020362,74.0316,30.1171,223.1478,136.8084,0,U,34962,999,83398,0.001168,4.073e-05,0.0
COSMOS 2251 DEB,1993-036AES,2025-02-17T04:45:01.875168,14.47132824,0.0045255,74.171,238.0975,155.2604,205.074,0,U,34963,999,82983,0.0030323,0.00011194,0.0
COSMOS 2251 DEB,1993-036AET,2025-02-03T15:15:13.758624,13.97971913,0.0215883,73.9857,169.978,94.1927,268.3908,0,U,34964,999,80112,0.0036606,6.316e-05,0.0
COSMOS 2251 DEB,1993-036AEU,2025-02-16T11:36:29.607264,14.4772663,0.0026509,74.0555,328.2786,173.6022,186.5481,0,U,34965,999,82781,0.00065414,2.4e-05,0.0
COSMOS 2251 DEB,1993-036AEW,2025-02-15T20:06:46.034784,14.42353269,0.0043085,73.9917,92.5124,309.0105,50.7217,0,U,34967,999,60630,0.0011136,3.696e-05,0.0
COSMOS 2251 DEB,1993-036AEX,2025-02-17T02:28:13.660032,14.58720046,0.0089283,74.0377,96.0562,292.8356,66.3398,0,U,34968,999,84207,0.00030809,1.487e-05,0.0
COSMOS 2251 DEB,1993-036AEY,2025-02-13T17:21:22.173984,14.31497674,0.0074996,74.0124,214.6828,57.8845,302.9555,0,U,34969,999,60814,0.00053157,1.431e-05,0.0
COSMOS 2251 DEB,1993-036AFA,2025-02-16T00:03:34.301376,14.5486066,0.00699,73.9788,134.7055,69.4265,103.3593,0,U,34971,999,61812,0.00034553,1.503e-05,0.0
COSMOS 2251 DEB,1993-036AFB,2025-02-15T01:29:45.254976,14.65442209,0.0042083,73.989,273.8675,143.6192,6.631,0,U,34972,999,83333,0.002137,0.00011706,0.0
COSMOS 2251 DEB,1993-036AFF,2025-02-16T13:59:53.556000,14.71213533,0.0052259,74.0574,169.1722,298.7194,72.4347,0,U,34976,999,83908,0.0022228,0.00013995,0.0
COSMOS 2251 DEB,1993-036AFJ,2025-02-17T12:25:48.777888,14.73276072,0.005748,74.0406,131.1464,290.3808,69.1196,0,U,34979,999,83826,0.0020004,0.00013268,0.0
COSMOS 2251 DEB,1993-036AFM,2025-02-17T12:05:02.808672,14.96735611,0.0023266,74.0042,137.5733,343.2291,16.8122,0,U,34989,999,83653,0.0052504,0.00060838,0.0
COSMOS 2251 DEB,1993-036AFN,2025-02-16T19:59:08.253888,14.41290048,0.0017418,74.0441,85.0029,231.4589,128.5007,0,U,34990,999,83038,0.00064133,2.051e-05,0.0
COSMOS 2251 DEB,1993-036AFV,2025-02-16T00:30:25.482528,14.41736878,0.0099835,73.8832,153.8033,192.0386,167.8383,0,U,34997,999,66421,0.003772,0.0001306,0.0
COSMOS 2251 DEB,1993-036AFW,2025-02-16T15:11:29.873760,14.47558848,0.0023214,74.0152,1.1334,222.7177,310.673,0,U,34998,999,83168,0.0012295,4.515e-05,0.0
COSMOS 2251 DEB,1993-036AFY,2025-02-17T13:47:38.725728,14.98570461,0.0041911,74.0245,104.5509,268.464,91.1745,0,U,35000,999,84000,0.0042955,0.00052776,0.0
COSMOS 2251 DEB,1993-036AFZ,2025-02-16T10:25:26.069664,14.45065732,0.0081171,74.0216,310.1452,163.6487,196.7319,0,U,35012,999,83237,0.00024455,8.61e-06,0.0
COSMOS 2251 DEB,1993-036AGB,2025-02-16T21:06:16.970976,14.67263372,0.0012176,73.9991,265.5003,141.1962,219.0084,0,U,35014,999,83722,0.0026427,0.00014917,0.0
COSMOS 2251 DEB,1993-036AGC,2025-02-17T09:32:57.078240,14.44160838,0.007876,73.9481,74.1307,6.7645,54.8622,0,U,35015,999,82992,0.0018501,6.567e-05,0.0
COSMOS 2251 DEB,1993-036AGD,2025-02-16T04:53:46.178880,14.3409929,0.0113334,73.9307,126.7806,107.5332,284.1174,0,U,35016,999,82487,0.00071667,2.129e-05,0.0
COSMOS 2251 DEB,1993-036AGF,2025-02-16T20:45:37.800576,13.65718415,0.0351548,73.9769,241.6833,211.5567,146.4038,0,U,35018,999,79178,0.0028912,3.593e-05,0.0
COSMOS 2251 DEB,1993-036AGH,2025-02-16T07:48:39.247200,14.62027162,0.0093581,74.0501,52.1567,245.4043,113.7352,0,U,35020,999,83861,0.00015815,8.11e-06,0.0
COSMOS 2251 DEB,1993-036AGK,2025-02-16T02:07:22.195776,14.58953486,0.0048122,74.0271,174.0782,86.3561,274.3106,0,U,35022,999,54770,0.001135,5.384e-05,0.0
COSMOS 2251 DEB,1993-036AGL,2025-02-17T12:19:24.510432,14.83437441,0.0045861,74.0411,88.3885,252.6499,232.6461,0,U,35023,999,83855,0.0029135,0.0002443,0.0
COSMOS 2251 DEB,1993-036AGN,2025-02-16T22:37:27.235776,14.70473524,0.0088832,73.9382,287.3986,269.3346,89.7646,0,U,35025,999,84247,0.00072826,4.66e-05,0.0
COSMOS 2251 DEB,1993-036AGP,2025-02-16T14:13:17.786208,14.53357511,0.0084231,74.0472,163.4136,352.2885,18.7828,0,U,35026,999,83797,0.00012118,4.97e-06,0.0
COSMOS 2251 DEB,1993-036AGR,2025-02-17T04:00:15.663744,14.56170426,0.0084831,74.0379,117.4189,326.4847,61.8256,0,U,35028,999,84021,0.00017155,7.63e-06,0.0
COSMOS 2251 DEB,1993-036AGU,2025-02-16T08:55:52.408704,14.37833328,0.0020542,74.0368,90.6245,262.3876,97.4945,0,U,35031,999,60980,0.0002933,8.6e-06,0.0
COSMOS 2251 DEB,1993-036AGV,2025-02-16T17:37:18.712704,14.5515902,0.0071682,73.8512,221.6284,131.4722,241.3352,0,U,35032,999,83319,0.0022137,9.886e-05,0.0
COSMOS 2251 DEB,1993-036AGW,2025-02-16T15:11:32.389728,14.48786434,0.0016128,74.0297,18.491,207.9528,152.0767,0,U,35033,999,61592,0.001454,5.475e-05,0.0
COSMOS 2251 DEB,1993-036AHA,2025-02-16T06:50:21.019200,15.00270129,0.0032683,73.9873,49.9991,287.9224,71.84,0,U,35037,999,62644,0.0049865,0.00063697,0.0
COSMOS 2251 DEB,1993-036AHB,2025-02-16T21:44:55.158144,14.2253153,0.0112967,74.1071,218.4158,282.327,150.7101,0,U,35038,999,81315,0.0016277,3.854e-05,0.0
COSMOS 2251 DEB,1993-036AHG,2025-02-16T23:24:29.075328,14.59523105,0.0131364,73.9567,266.4925,181.4007,178.6811,0,U,35043,999,82115,0.0053595,0.00028806,0.0
COSMOS 2251 DEB,1993-036AHJ,2025-02-16T18:17:23.107200,13.99479991,0.0183071,73.7175,220.3378,147.445,213.813,0,U,35045,999,80459,0.0017189,2.87e-05,0.0
COSMOS 2251 DEB,1993-036AHP,2025-02-17T08:00:38.746656,14.40686793,0.0020112,74.0362,76.715,243.178,116.7319,0,U,35060,999,83008,0.00068143,2.156e-05,0.0
COSMOS 2251 DEB,1993-036AHQ,2025-02-16T14:22:54.828480,14.64651984,0.0044321,74.0475,161.9883,350.7545,9.2801,0,U,35061,999,84190,0.0013018,6.998e-05,0.0
COSMOS 2251 DEB,1993-036AHR,2025-02-09T08:45:27.608832,14.20017464,0.0130729,74.0836,281.3078,357.9567,2.1025,0,U,35062,999,81198,0.0023099,5.333e-05,0.0
COSMOS 2251 DEB,1993-036AHU,2025-02-16T15:05:06.897120,14.44425479,0.0021925,74.0222,32.1418,235.4306,124.4783,0,U,35065,999,64030,0.00099827,3.427e-05,0.0
COSMOS 2251 DEB,1993-036AJA,2025-02-16T18:02:59.478720,14.95545685,0.0079594,73.9359,64.7674,30.4083,330.1681,0,U,35071,999,63054,0.0012373,0.00014612,0.0
COSMOS 2251 DEB,1993-036AJC,2025-02-12T05:24:50.995008,14.8189109,0.0020957,74.0062,219.7775,57.4898,302.8301,0,U,35073,999,62956,0.0037564,0.00029942,0.0
COSMOS 2251 DEB,1993-036AJJ,2025-02-17T11:04:51.488256,14.8976834,0.0028536,74.0214,324.5797,134.263,226.09,0,U,35280,999,83240,0.0065293,0.00063635,0.0
COSMOS 2251 DEB,1993-036AJN,2025-02-15T21:19:12.596736,14.37871035,0.0018028,74.0476,96.3415,253.5339,280.0969,0,U,35284,999,61215,0.0003011,8.84e-06,0.0
COSMOS 2251 DEB,1993-036AJR,2025-02-16T22:08:16.384704,14.36035573,0.0019526,74.0291,105.0955,278.0655,256.3789,0,U,35287,999,82601,0.00023751,6.66e-06,0.0
COSMOS 2251 DEB,1993-036AJS,2025-02-16T18:54:08.772192,14.60715212,0.0041779,73.9499,231.6734,170.6909,189.5041,0,U,35288,999,83505,0.0026839,0.0001324,0.0
COSMOS 2251 DEB,1993-036AJU,2025-02-16T22:04:17.704704,14.70117939,0.0008637,74.0061,284.6947,134.3954,225.7925,0,U,35290,999,83734,0.003279,0.00019757,0.0
COSMOS 2251 DEB,1993-036AKA,2025-02-17T08:00:17.889696,14.85956822,0.0004586,74.0371,263.3112,131.2863,228.8712,0,U,35432,999,83124,0.00574,0.0005047,0.0
COSMOS 2251 DEB,1993-036AKB,2025-02-10T15:26:36.247776,14.34124692,0.0028033,74.0394,177.1908,307.7268,63.2869,0,U,35433,999,82206,0.00052393,1.447e-05,0.0
COSMOS 2251 DEB,1993-036AKC,2025-02-15T16:06:21.128832,14.24429141,0.0088862,74.0418,34.6885,179.8514,180.2675,0,U,35434,999,81843,0.00093024,2.219e-05,0.0
COSMOS 2251 DEB,1993-036AKD,2025-02-16T12:34:28.124832,14.68227331,0.001444,74.0176,328.0697,150.4192,22.9023,0,U,35435,999,83132,0.0037303,0.00021564,0.0
COSMOS 2251 DEB,1993-036AKH,2025-02-14T02:32:10.211136,13.90561897,0.0249437,74.0199,290.6191,167.059,343.7573,0,U,35439,999,79764,0.0018286,2.906e-05,0.0
COSMOS 2251 DEB,1993-036AKJ,2025-02-17T07:29:29.309856,14.66344448,0.0075013,74.0154,64.8262,281.4069,77.8681,0,U,35440,999,83941,0.001087,6.231e-05,0.0
COSMOS 2251 DEB,1993-036AKK,2025-02-15T23:10:45.560640,14.56461275,0.0037637,74.1353,146.368,121.2433,239.2428,0,U,35441,999,83056,0.0032232,0.00014465,0.0
COSMOS 2251 DEB,1993-036AKL,2025-02-16T12:35:44.257920,14.71532314,0.0003219,74.0343,326.9283,149.4334,210.7026,0,U,35442,999,82932,0.0032065,0.00019945,0.0
COSMOS 2251 DEB,1993-036AKM,2025-02-17T11:18:36.946944,14.71701382,0.0126314,73.9949,203.7057,61.3741,300.0067,0,U,35443,999,82803,0.006126,0.00043521,0.0
COSMOS 2251 DEB,1993-036AKP,2025-02-15T13:01:00.469920,14.53120294,0.0161354,74.041,149.6193,313.4729,45.3106,0,U,35445,999,82959,0.0023516,0.00011542,0.0
COSMOS 2251 DEB,1993-036AKQ,2025-02-16T14:33:21.002112,14.5419593,0.0076557,74.0474,163.5909,357.257,2.8161,0,U,35446,999,83659,0.0001996,8.48e-06,0.0
COSMOS 2251 DEB,1993-036AKS,2025-02-16T02:39:52.243776,14.51365179,0.0011616,73.905,299.3381,179.4662,180.6512,0,U,35448,999,82983,0.0018819,7.487e-05,0.0
COSMOS 2251 DEB,1993-036AKV,2025-02-17T04:21:55.117152,15.11417002,0.0062652,73.9347,14.7327,328.1072,31.6332,0,U,35451,999,85409,0.0027462,0.00048933,0.0
COSMOS 2251 DEB,1993-036AKX,2025-02-16T17:17:43.893888,14.36171883,0.0071062,74.0077,211.3084,52.837,307.9244,0,U,35453,999,81923,0.0016142,4.821e-05,0.0
COSMOS 2251 DEB,1993-036AKZ,2025-02-16T13:44:51.120096,14.4585526,0.010983,74.0286,134.9028,313.0807,46.1197,0,U,35455,999,82214,0.0018869,7.199e-05,0.0
COSMOS 2251 DEB,1993-036ALA,2025-02-15T11:46:15.718944,14.61559151,0.0077208,73.9578,338.7445,256.6213,102.6338,0,U,35456,999,83407,0.0032836,0.00017022,0.0
COSMOS 2251 DEB,1993-036ALD,2025-02-16T16:13:08.649120,14.36770661,0.0016059,73.8729,22.8469,22.7861,337.4,0,U,35459,999,54065,0.00062512,1.82e-05,0.0
COSMOS 2251 DEB,1993-036ALG,2025-02-15T19:30:59.020704,14.26739766,0.0089589,74.0365,92.3002,203.1766,156.5332,0,U,35462,999,62099,0.0021637,5.443e-05,0.0
COSMOS 2251 DEB,1993-036ALK,2025-02-16T16:44:19.651488,14.4305838,0.00676,74.0005,34.2191,266.1914,93.1511,0,U,35465,999,82926,0.00092364,3.156e-05,0.0
COSMOS 2251 DEB,1993-036ALP,2025-02-16T18:26:56.928480,14.49400644,0.0076494,74.0145,225.6503,93.0709,267.9207,0,U,35469,999,83779,0.00023267,8.95e-06,0.0
COSMOS 2251 DEB,1993-036ALV,2025-02-16T14:24:19.288800,14.62155997,0.0025281,74.0272,22.4227,182.2973,177.8083,0,U,35475,999,83261,0.0036166,0.000183,0.0
COSMOS 2251 DEB,1993-036ALW,2025-02-16T21:54:48.775392,14.67151834,0.0017039,73.9803,283.6672,345.7362,25.6727,0,U,35476,999,83492,0.0030577,0.00017245,0.0
COSMOS 2251 DEB,1993-036ALX,2025-02-13T12:07:43.516992,13.82212788,0.028013,73.9071,332.0366,34.9265,326.9884,0,U,35580,999,79310,0.0033662,4.877e-05,0.0
COSMOS 2251 DEB,1993-036AMA,2025-02-17T11:40:56.711136,13.54596787,0.0382886,73.922,335.0888,54.9938,308.6481,0,U,35583,999,78505,0.0033932,3.69e-05,0.0
COSMOS 2251 DEB,1993-036AMC,2025-02-17T04:15:09.597888,13.73692342,0.0311218,73.973,126.3241,99.6449,291.1846,0,U,35585,999,79624,0.0020301,2.669e-05,0.0
COSMOS 2251 DEB,1993-036AMD,2025-02-16T09:45:37.181376,13.51468408,0.0406091,74.0202,61.81,358.8024,64.7036,0,U,35586,999,56337,0.0013273,1.428e-05,0.0
COSMOS 2251 DEB,1993-036AME,2025-02-17T08:49:23.125728,14.7006155,0.010447,74.0039,278.9301,181.1586,178.936,0,U,35587,999,84922,0.00046187,2.983e-05,0.0
COSMOS 2251 DEB,1993-036AMK,2025-02-16T06:36:26.771904,15.79325558,0.0021278,73.9819,245.1821,74.3612,285.9962,0,U,35592,999,85524,0.002805,0.0054378,0.0
COSMOS 2251 DEB,1993-036AML,2025-02-16T21:26:58.233984,14.23904491,0.0105029,74.0846,105.6306,191.3346,168.5436,0,U,35593,999,80809,0.0017769,4.288e-05,0.0
COSMOS 2251 DEB,1993-036AMM,2025-02-13T06:50:08.411712,14.78428337,0.0038439,73.8127,353.5569,167.4944,192.7194,0,U,35594,999,83701,0.0017781,0.00013113,0.0
COSMOS 2251 DEB,1993-036AMV,2025-02-16T21:44:54.881664,15.23283747,0.0113632,73.9988,98.8294,246.9871,287.3887,0,U,35602,999,85596,0.00078698,0.00022402,0.0
COSMOS 2251 DEB,1993-036AMY,2025-02-16T18:40:50.310048,14.86285071,0.0053802,73.8896,234.2804,224.1496,135.5383,0,U,35605,999,61476,0.0058715,0.0005342,0.0
COSMOS 2251 DEB,1993-036AMZ,2025-02-16T14:23:49.402176,13.4046959,0.0456342,73.8084,127.2473,18.8736,342.8673,0,U,35606,999,77186,0.0010593,1.05e-05,0.0
COSMOS 2251 DEB,1993-036ANE,2025-02-15T09:56:42.841536,14.6352223,0.002827,74.0236,40.5341,202.2728,157.7214,0,U,35611,999,82882,0.004058,0.00021202,0.0
COSMOS 2251 DEB,1993-036ANH,2025-02-15T17:53:54.827808,14.62791054,0.0081087,73.9601,187.3203,110.1459,250.8455,0,U,35614,999,83440,0.0022358,0.00011951,0.0
COSMOS 2251 DEB,1993-036ANL,2025-02-17T08:58:06.054816,14.40619398,0.0077346,73.9684,284.4042,148.4802,212.1022,0,U,35645,999,82916,0.002967,9.792e-05,0.0
COSMOS 2251 DEB,1993-036ANM,2025-02-16T14:43:45.149664,13.40115171,0.0462234,73.8703,170.4596,331.1084,37.5713,0,U,35646,999,77850,0.0010399,1.038e-05,0.0
COSMOS 2251 DEB,1993-036ANN,2025-02-06T13:28:01.735680,14.41609409,0.0051605,74.0206,148.8242,322.3796,37.3754,0,U,35647,999,63205,0.0012777,4.2e-05,0.0
COSMOS 2251 DEB,1993-036ANR,2025-02-16T19:37:35.041152,14.73583207,0.0018379,74.0471,246.0035,32.8144,339.0938,0,U,35650,999,83216,0.0028286,0.00018484,0.0
COSMOS 2251 DEB,1993-036APB,2025-02-16T13:04:51.425760,14.48579317,0.0019288,74.0437,334.2702,201.4429,331.7898,0,U,35660,999,82308,0.00083559,3.122e-05,0.0
COSMOS 2251 DEB,1993-036APC,2025-02-17T10:50:51.819360,14.81022367,0.0098239,74.0174,311.6417,133.0691,227.8763,0,U,35661,999,83899,0.0014145,0.00011901,0.0
COSMOS 2251 DEB,1993-036APJ,2025-02-16T02:28:50.532096,14.56337487,0.0020356,74.0671,349.6003,133.6288,226.6569,0,U,35667,999,66435,0.0022839,0.00010138,0.0
COSMOS 2251 DEB,1993-036APK,2025-02-16T18:44:55.279968,14.62720517,0.0086103,74.0449,73.8103,257.1283,102.0255,0,U,35668,999,83274,0.00050453,2.678e-05,0.0
COSMOS 2251 DEB,1993-036APL,2025-02-15T08:09:13.174848,13.5631041,0.0388645,73.8619,289.0545,92.7627,271.802,0,U,35669,999,56715,0.0011956,1.35e-05,0.0
COSMOS 2251 DEB,1993-036APM,2025-02-16T10:52:45.694560,14.84170999,0.0041221,73.8987,307.6494,335.7734,24.1504,0,U,35670,999,83272,0.0026531,0.00022557,0.0
COSMOS 2251 DEB,1993-036APN,2025-02-16T08:00:19.152864,14.47676627,0.0040958,74.0168,280.4066,168.136,315.4413,0,U,35671,999,82429,0.00030692,1.116e-05,0.0
COSMOS 2251 DEB,1993-036APR,2025-02-15T14:00:36.719712,14.49805924,0.0104672,74.0616,161.3331,285.5824,73.3802,0,U,35674,999,81754,0.0028097,0.00011614,0.0
COSMOS 2251 DEB,1993-036APW,2025-02-08T20:05:53.711808,13.78810677,0.0295801,74.0037,97.7446,11.8075,348.9784,0,U,35701,999,57925,0.0019961,2.794e-05,0.0
COSMOS 2251 DEB,1993-036APY,2025-02-15T22:13:51.163104,14.84629028,0.0072707,74.0435,280.065,71.8138,289.0939,0,U,35703,999,62158,0.001431,0.0001267,0.0
COSMOS 2251 DEB,1993-036AQA,2025-02-08T13:50:01.138848,14.59962772,0.0031059,74.2842,359.0899,47.0046,313.3716,0,U,35705,999,81579,0.0061248,0.0002967,0.0
COSMOS 2251 DEB,1993-036AQB,2025-02-15T15:55:06.534048,13.64857648,0.0347219,73.888,198.2237,302.6398,54.1647,0,U,35706,999,57966,0.0015165,1.821e-05,0.0
COSMOS 2251 DEB,1993-036AQG,2025-02-16T09:56:07.637856,14.62589527,0.0088022,74.046,74.28,253.5079,105.6403,0,U,35711,999,83393,0.00047325,2.509e-05,0.0
COSMOS 2251 DEB,1993-036AQM,2025-02-16T07:58:35.229216,14.59477288,0.0091393,73.9934,46.9017,320.2419,101.5825,0,U,35716,999,83258,0.00032368,1.595e-05,0.0
COSMOS 2251 DEB,1993-036AQN,2025-02-17T06:17:41.207136,14.35233743,0.008277,74.1626,42.2594,341.0278,18.7796,0,U,35717,999,81164,0.0036967,0.00010988,0.0
COSMOS 2251 DEB,1993-036AQP,2025-02-15T13:04:13.626624,14.62269145,0.0013727,74.0266,348.0209,118.1101,242.1455,0,U,35718,999,82784,0.0032474,0.00016413,0.0
COSMOS 2251 DEB,1993-036AQS,2025-02-02T06:20:16.594944,14.3062649,0.015849,73.9511,33.2409,249.0033,109.41,0,U,35721,999,53300,0.0033806,0.00010112,0.0
COSMOS 2251 DEB,1993-036AQV,2025-02-13T17:15:51.134112,14.57124693,0.0061371,74.0371,157.0303,25.2088,335.2049,0,U,35724,999,83128,0.00042409,1.932e-05,0.0
COSMOS 2251 DEB,1993-036ARA,2025-02-17T09:22:11.153568,15.03697787,0.0027331,74.0174,66.0528,290.9077,132.8325,0,U,35729,999,84048,0.0053223,0.00074291,0.0
COSMOS 2251 DEB,1993-036ARD,2025-02-16T19:01:58.644768,14.63428374,0.0080531,74.0371,70.3062,266.0874,93.1084,0,U,35759,999,61760,0.00054949,2.948e-05,0.0
COSMOS 2251 DEB,1993-036ARR,2025-02-16T03:53:13.500384,14.0543411,0.0230088,74.1688,113.4413,131.0391,231.0888,0,U,35771,999,78639,0.0069217,0.00014254,0.0
COSMOS 2251 DEB,1993-036ART,2025-02-15T09:09:09.983520,14.59513248,0.0049178,74.0089,195.7658,67.4141,293.2216,0,U,35773,999,83325,0.0013827,6.653e-05,0.0
COSMOS 2251 DEB,1993-036ARX,2025-02-16T12:59:22.386912,13.4078297,0.0451657,73.7682,80.5802,19.0139,131.4764,0,U,35777,999,75673,0.00084938,8.32e-06,0.0
COSMOS 2251 DEB,1993-036ASE,2025-02-15T22:37:36.209280,14.49088645,0.0041604,74.0381,292.2339,138.1255,222.31,0,U,35784,999,61362,0.00047426,1.794e-05,0.0
COSMOS 2251 DEB,1993-036ASG,2025-02-17T06:33:56.012544,14.61690932,0.0038796,74.0149,257.7421,101.1471,259.4061,0,U,35786,999,83630,0.0019695,9.898e-05,0.0
COSMOS 2251 DEB,1993-036ASK,2025-02-16T10:09:50.050080,14.35684622,0.004945,74.0378,113.6543,287.355,72.2197,0,U,35789,999,56931,0.00021463,6.02e-06,0.0
COSMOS 2251 DEB,1993-036ASP,2025-02-16T00:06:47.279232,14.69650867,0.0006426,74.042,285.0237,110.082,314.1418,0,U,35793,999,61380,0.0029997,0.00017871,0.0
COSMOS 2251 DEB,1993-036ASW,2025-02-16T09:59:54.500928,13.86944732,0.025846,73.8436,202.7778,341.2586,17.9152,0,U,35824,999,80075,0.0016974,2.558e-05,0.0
COSMOS 2251 DEB,1993-036ASX,2025-02-15T20:58:41.733696,13.6960153,0.0357223,74.1137,274.9932,81.8029,282.3434,0,U,35825,999,78401,0.0030346,4.13e-05,0.0
COSMOS 2251 DEB,1993-036ATB,2025-02-16T11:29:50.663904,14.67406086,0.0009464,74.0302,321.0776,122.0852,238.1238,0,U,35829,999,83372,0.0034088,0.00019317,0.0
COSMOS 2251 DEB,1993-036ATC,2025-02-09T21:15:23.436288,14.20830341,0.0120243,73.8675,101.8601,130.0111,231.1662,0,U,35830,999,80324,0.0021461,4.966e-05,0.0
COSMOS 2251 DEB,1993-036ATG,2025-02-15T22:51:12.962304,14.12646882,0.0112232,73.9333,117.8878,339.1169,195.288,0,U,35834,999,62029,0.00020932,3.86e-06,0.0
COSMOS 2251 DEB,1993-036ATH,2025-02-14T17:09:01.556640,13.81448006,0.030208,74.0631,53.9936,264.8104,91.8486,0,U,35835,999,57540,0.0022617,3.381e-05,0.0
COSMOS 2251 DEB,1993-036ATJ,2025-02-16T16:08:57.498144,14.62956402,0.0028473,74.0368,30.1794,176.7845,183.351,0,U,35836,999,59134,0.0031367,0.00016166,0.0
COSMOS 2251 DEB,1993-036ATK,2025-02-13T14:47:02.804352,13.59786206,0.0436383,73.7318,348.821,311.3174,228.5336,0,U,35837,999,77453,0.0059474,8.289e-05,0.0
COSMOS 2251 DEB,1993-036ATM,2025-02-17T03:56:31.078176,14.97578388,0.0023,74.2289,218.5215,109.323,11.8578,0,U,35839,999,84041,0.0052853,0.00062593,0.0
COSMOS 2251 DEB,1993-036ATN,2025-02-15T03:08:13.579008,14.33536444,0.0124282,73.9367,353.6699,318.8568,40.3261,0,U,35840,999,80976,0.0046247,0.00013946,0.0
COSMOS 2251 DEB,1993-036ATW,2025-02-16T21:21:06.117696,14.49616924,0.0084219,74.0222,271.81,114.3598,258.5014,0,U,35883,999,82767,0.00049604,1.966e-05,0.0
COSMOS 2251 DEB,1993-036ATY,2025-02-16T22:29:51.006624,14.3679841,0.0025595,74.0281,124.6585,281.2735,78.5542,0,U,35885,999,82172,0.00054365,1.585e-05,0.0
COSMOS 2251 DEB,1993-036AUB,2025-02-15T19:56:21.482880,14.56663622,0.0050843,74.0329,206.8162,52.9425,307.6372,0,U,35888,999,81904,0.00087062,3.927e-05,0.0
COSMOS 2251 DEB,1993-036AUD,2025-02-16T09:09:09.042624,14.51482587,0.0065733,73.9366,92.4527,285.6099,73.7813,0,U,35890,999,60798,0.0029409,0.00012077,0.0
COSMOS 2251 DEB,1993-036AUE,2025-02-11T05:05:55.231584,15.12485689,0.0075964,73.9955,15.7156,226.3861,133.1015,0,U,35891,999,62588,0.0015682,0.00029365,0.0
COSMOS 2251 DEB,1993-036AUG,2025-02-09T10:07:54.742368,15.09165921,0.0040337,73.6326,64.2838,313.8718,45.9141,0,U,35893,999,61458,0.0075583,0.00124406,0.0
COSMOS 2251 DEB,1993-036AUJ,2025-02-16T12:44:15.482400,13.99765751,0.0209561,74.0503,145.9739,313.9938,44.4081,0,U,35895,999,78564,0.0020144,3.542e-05,0.0
COSMOS 2251 DEB,1993-036AUM,2025-02-16T15:05:02.684256,14.88544472,0.009102,73.9942,179.1715,38.3638,333.5466,0,U,35898,999,62350,0.0012275,0.0001232,0.0
COSMOS 2251 DEB,1993-036AUQ,2025-02-16T20:52:15.974976,14.82523201,0.0007155,74.0184,264.9138,101.9418,269.9595,0,U,35901,999,81665,0.003758,0.00030314,0.0
COSMOS 2251 DEB,1993-036AUR,2025-02-16T17:50:04.596864,14.2481503,0.0110902,73.9831,56.3468,240.6284,118.3753,0,U,35902,999,56868,0.0017217,4.257e-05,0.0
COSMOS 2251 DEB,1993-036AUS,2025-02-15T21:53:41.665920,15.74565877,0.0020379,74.0282,110.9444,285.876,74.022,0,U,35903,999,62902,0.0052401,0.00851878,0.0
COSMOS 2251 DEB,1993-036AUU,2025-02-14T10:10:27.049152,14.93469489,0.0101654,74.0328,99.8529,261.8212,97.1432,0,U,35905,999,84247,0.0010269,0.00011936,0.0
COSMOS 2251 DEB,1993-036AUZ,2025-02-17T12:20:54.642912,14.33859129,0.0023624,74.0327,137.8984,292.6355,67.2299,0,U,35959,999,80827,0.00025066,6.74e-06,0.0
COSMOS 2251 DEB,1993-036AVB,2025-02-13T15:17:28.805280,14.03518597,0.0193668,73.9299,14.7853,7.9396,352.4726,0,U,35961,999,58440,0.0041754,7.709e-05,0.0
COSMOS 2251 DEB,1993-036AVL,2025-02-15T18:43:06.117888,15.07898713,0.0026376,74.0215,76.7332,281.2008,78.6218,0,U,35970,999,82357,0.005475,0.00085661,0.0
COSMOS 2251 DEB,1993-036AVQ,2025-02-17T01:51:19.347264,15.06779244,0.0015827,74.0135,176.3774,1.4269,358.6963,0,U,35974,999,84477,0.0084625,0.00128597,0.0
COSMOS 2251 DEB,1993-036AVR,2025-02-16T14:46:07.192992,14.23854054,0.0119768,74.0466,148.9814,302.1784,56.779,0,U,35975,999,81319,0.0025465,6.258e-05,0.0
COSMOS 2251 DEB,1993-036AVV,2025-02-15T21:36:37.806048,14.69916465,0.0067935,74.0104,102.8309,311.1205,222.7807,0,U,35979,999,84220,0.0015125,9.36e-05,0.0
COSMOS 2251 DEB,1993-036AVW,2025-02-16T11:47:59.062848,14.54425727,0.0060232,73.9151,335.1951,176.428,183.7326,0,U,35980,999,57128,0.0024015,0.00010452,0.0
COSMOS 2251 DEB,1993-036AVY,2025-02-17T03:17:47.748480,14.60498381,0.0068315,74.0589,197.5344,342.2136,17.6638,0,U,35982,999,81928,0.0010638,5.306e-05,0.0
COSMOS 2251 DEB,1993-036AWD,2025-02-16T14:22:36.941088,14.40774726,0.0051991,74.0031,162.4233,357.0028,3.0807,0,U,35987,999,82728,0.0017357,5.621e-05,0.0
COSMOS 2251 DEB,1993-036AWF,2025-02-16T10:18:53.013600,14.36576438,0.0023892,74.0376,114.0162,272.8119,87.03,0,U,35989,999,82880,0.00028556,8.16e-06,0.0
COSMOS 2251 DEB,1993-036AWK,2025-02-16T02:05:04.757568,14.62178072,0.0030458,74.0133,188.832,87.9763,272.4892,0,U,35993,999,56058,0.0018555,9.385e-05,0.0
COSMOS 2251 DEB,1993-036AWN,2025-02-11T04:11:31.690176,15.01733257,0.0102585,74.0183,8.4366,181.3144,178.7792,0,U,35996,999,83602,0.00077272,0.0001124,0.0
COSMOS 2251 DEB,1993-036AWP,2025-02-17T04:40:56.715168,14.49115466,0.0016372,74.0456,27.8932,189.4497,170.6358,0,U,35997,999,81469,0.0016216,6.153e-05,0.0
COSMOS 2251 DEB,1993-036AWU,2025-02-16T03:52:35.115456,15.36327539,0.0029193,73.9852,201.2217,47.6906,312.6766,0,U,36002,999,62867,0.0054143,0.00199555,0.0
COSMOS 2251 DEB,1993-036AWX,2025-02-17T01:51:32.302080,14.46781084,0.0061294,74.0269,292.5561,143.5363,216.9994,0,U,36005,999,83343,0.00031532,1.141e-05,0.0
COSMOS 2251 DEB,1993-036AXG,2025-02-16T08:42:59.691168,14.60866548,0.0055286,73.7671,284.8755,356.9632,3.1188,0,U,36045,999,4003,0.0029272,0.00014628,0.0
COSMOS 2251 DEB,1993-036AXH,2025-02-16T11:53:54.062304,14.62801652,0.0061066,74.0164,131.9854,350.7854,20.4469,0,U,36046,999,59624,0.00095327,4.969e-05,0.0
COSMOS 2251 DEB,1993-036AXJ,2025-02-17T03:33:51.054912,14.80505348,0.0011692,74.0346,209.7154,15.1724,344.9801,0,U,36047,999,84016,0.0040737,0.00031342,0.0
COSMOS 2251 DEB,1993-036AXK,2025-02-17T04:42:05.351328,14.37215377,0.0028079,74.0567,128.05,257.5001,133.9076,0,U,36048,999,81344,0.00048378,1.421e-05,0.0
COSMOS 2251 DEB,1993-036AXL,2025-02-17T11:11:05.091360,14.57827164,0.001194,74.0344,328.6198,138.8289,221.3778,0,U,36049,999,81350,0.002285,0.00010457,0.0
COSMOS 2251 DEB,1993-036AXM,2025-02-16T11:01:36.048864,14.95172497,0.0099749,74.032,80.695,242.1028,117.0028,0,U,36050,999,84391,0.00098796,0.00011967,0.0
COSMOS 2251 DEB,1993-036AXP,2025-02-17T12:16:58.211904,14.92461827,0.0007454,74.0119,242.5724,85.887,274.3165,0,U,36052,999,82149,0.0065851,0.00068216,0.0
COSMOS 2251 DEB,1993-036AXQ,2025-02-17T03:32:12.487200,14.52093484,0.0033832,73.877,3.4278,8.0394,352.1301,0,U,36053,999,83283,0.0041244,0.00016834,0.0
COSMOS 2251 DEB,1993-036AXV,2025-02-16T05:49:33.676032,14.56401769,0.0047344,74.0263,243.2434,90.9087,269.7501,0,U,36058,999,61747,0.0011007,4.934e-05,0.0
COSMOS 2251 DEB,1993-036AXX,2025-02-15T18:38:31.399584,14.41045144,0.0017054,74.0279,70.4468,248.2743,111.6597,0,U,36060,999,80687,0.00056505,1.795e-05,0.0
COSMOS 2251 DEB,1993-036AXY,2025-02-17T02:27:15.557760,14.33017922,0.0039605,74.0233,186.0806,344.0321,15.9579,0,U,36061,999,82951,0.00065307,1.778e-05,0.0
COSMOS 2251 DEB,1993-036AYJ,2025-02-16T20:02:33.540288,15.2712494,0.0013404,73.9983,257.5567,100.1271,260.1442,0,U,36071,999,60530,0.01161,0.00323366,0.0
COSMOS 2251 DEB,1993-036AYL,2025-02-14T23:44:26.962944,14.34436485,0.0026101,74.0328,153.6606,296.8864,62.9621,0,U,36073,999,65894,0.00041042,1.134e-05,0.0
COSMOS 2251 DEB,1993-036AYM,2025-02-16T02:09:36.444096,14.41150428,0.0047254,73.9934,177.8581,341.4427,18.5003,0,U,36074,999,81589,0.0024764,8.074e-05,0.0
COSMOS 2251 DEB,1993-036AYT,2025-02-16T20:44:21.876576,14.29981528,0.0093986,74.0658,97.0491,203.6047,156.0778,0,U,36366,999,82011,0.002758,7.444e-05,0.0
COSMOS 2251 DEB,1993-036AYU,2025-02-14T15:26:47.114304,13.84958859,0.0266858,74.1005,18.7518,165.1089,195.8097,0,U,36367,999,53359,0.0014717,2.173e-05,0.0
COSMOS 2251 DEB,1993-036AYW,2025-02-17T09:14:41.696448,14.6643296,0.0015524,74.0333,289.2939,97.1345,263.159,0,U,36369,999,81614,0.0031985,0.00017746,0.0
COSMOS 2251 DEB,1993-036AYY,2025-02-15T15:36:44.603136,14.62612658,0.0010544,74.019,21.0732,163.5695,196.5816,0,U,36371,999,67045,0.0036573,0.00018625,0.0
COSMOS 2251 DEB,1993-036AZG,2025-02-16T00:15:07.618176,14.35378703,0.0047645,74.013,137.6589,336.7474,196.933,0,U,36379,999,60526,0.00051926,1.483e-05,0.0
COSMOS 2251 DEB,1993-036AZN,2025-02-16T14:41:56.220000,14.63460841,0.0166468,73.9776,15.3371,260.9826,97.247,0,U,36385,999,80712,0.0029136,0.00018469,0.0
COSMOS 2251 DEB,1993-036AZT,2025-02-15T12:27:37.254816,14.36520238,0.0019862,74.0364,107.2317,272.5933,152.3253,0,U,36420,999,80725,0.00024671,7e-06,0.0
COSMOS 2251 DEB,1993-036AZX,2025-02-17T05:52:17.408352,14.84864463,0.0058861,74.1667,359.1466,245.4456,114.0582,0,U,36424,999,79919,0.010489,0.00093151,0.0
COSMOS 2251 DEB,1993-036BAD,2025-02-15T22:05:12.033024,14.2690574,0.0097908,74.0041,292.3793,152.405,208.2345,0,U,36430,999,60279,0.00059741,1.501e-05,0.0
COSMOS 2251 DEB,1993-036BAL,2025-02-16T06:36:55.091232,14.64008433,0.0025648,73.9427,255.6027,188.5815,171.4917,0,U,36437,999,61658,0.0024414,0.00012852,0.0
COSMOS 2251 DEB,1993-036BAN,2025-02-15T00:08:39.000480,13.46897356,0.04297,73.9617,156.3289,187.8896,171.5306,0,U,36439,999,54562,0.002843,3.006e-05,0.0
COSMOS 2251 DEB,1993-036BAQ,2025-02-14T20:24:09.448704,15.00471412,0.012207,73.8344,252.3418,55.9068,305.363,0,U,36441,999,82615,0.00077135,0.00011356,0.0
COSMOS 2251 DEB,1993-036BBA,2025-02-15T23:44:43.162944,14.16742911,0.0186897,73.951,152.4454,39.08,322.3671,0,U,36451,999,79977,0.0015241,3.593e-05,0.0
COSMOS 2251 DEB,1993-036BBC,2025-02-11T04:25:49.101312,14.493721,0.0074908,73.9271,9.3169,337.5853,33.7174,0,U,36453,999,80281,0.002398,9.482e-05,0.0
COSMOS 2251 DEB,1993-036BBJ,2025-02-15T02:21:21.985632,14.23104934,0.0124407,74.0482,181.4992,350.4836,9.3952,0,U,36459,999,3600,0.0027988,6.82e-05,0.0
COSMOS 2251 DEB,1993-036BBV,2025-02-15T12:50:29.609088,14.82908006,0.0041854,73.8545,145.6271,24.499,335.8162,0,U,36470,999,81112,0.0043269,0.00035784,0.0
COSMOS 2251 DEB,1993-036BCN,2025-02-17T01:08:41.514144,14.28962915,0.0085179,74.0199,328.7546,89.5587,271.5322,0,U,36528,999,79881,0.0018543,4.852e-05,0.0
COSMOS 2251 DEB,1993-036BCT,2025-02-16T10:51:12.726432,14.48445963,0.0050206,74.0146,316.934,179.7045,180.4154,0,U,36533,999,80149,0.00077628,2.929e-05,0.0
COSMOS 2251 DEB,1993-036BCZ,2025-02-16T20:35:44.609280,14.56606858,0.0029028,74.0223,264.1497,122.2881,238.11,0,U,36539,999,79591,0.001159,5.171e-05,0.0
COSMOS 2251 DEB,1993-036BDA,2025-02-16T08:36:27.990720,14.54409569,0.0016603,74.032,28.8806,187.7519,172.339,0,U,36540,999,81651,0.0025185,0.00010719,0.0
COSMOS 2251 DEB,1993-036BDL,2025-02-16T15:00:32.691168,14.25924077,0.0078219,74.0468,13.2683,138.307,222.4076,0,U,36550,999,80330,0.001054,2.569e-05,0.0
COSMOS 2251 DEB,1993-036BDM,2025-02-15T08:19:13.058688,14.89734669,0.0061549,73.8886,267.4542,281.4387,77.9884,0,U,36551,999,81932,0.002573,0.00025603,0.0
COSMOS 2251 DEB,1993-036BDT,2025-02-16T13:44:13.286400,14.66839126,0.003225,73.9832,350.8818,212.7601,147.157,0,U,36557,999,29492,0.004281,0.00024146,0.0
COSMOS 2251 DEB,1993-036BDU,2025-02-16T13:38:44.058336,14.52593835,0.0013865,74.0475,359.7587,174.0356,186.0973,0,U,36558,999,80920,0.0017177,7.015e-05,0.0
COSMOS 2251 DEB,1993-036BEC,2025-02-11T16:24:13.783968,14.55580468,0.0018618,74.0246,33.4169,195.949,164.1089,0,U,36614,999,61181,0.0017676,7.706e-05,0.0
COSMOS 2251 DEB,1993-036BEL,2025-02-17T04:04:51.182976,14.7268349,0.0074445,74.0181,9.3085,221.4428,138.1084,0,U,36622,999,79758,0.0012163,8.079e-05,0.0
COSMOS 2251 DEB,1993-036BEQ,2025-02-14T10:12:46.092672,15.59004148,0.004242,73.9994,98.3256,212.2942,147.5679,0,U,36626,999,83168,0.0015173,0.00125053,0.0
COSMOS 2251 DEB,1993-036BEW,2025-02-17T11:14:03.639552,14.41201791,0.0037358,74.0021,126.6758,306.6725,53.0998,0,U,36632,999,79122,0.0015136,4.902e-05,0.0
COSMOS 2251 DEB,1993-036BFE,2025-02-16T06:35:58.688448,14.95721696,0.0107766,74.029,48.8894,210.3903,149.1009,0,U,37084,999,61782,0.00086379,0.00010791,0.0
COSMOS 2251 DEB,1993-036BFF,2025-02-07T13:55:44.182272,15.08381018,0.0048661,73.9732,147.1596,41.4262,319.0601,0,U,37085,999,81423,0.00213,0.0003416,0.0
COSMOS 2251 DEB,1993-036BFK,2025-02-16T02:21:43.341120,14.45513222,0.0153984,74.0437,347.8358,164.3235,196.2773,0,U,37089,999,61769,0.0032622,0.00013317,0.0
COSMOS 2251 DEB,1993-036BFQ,2025-02-17T01:18:29.216448,14.35724587,0.0085872,74.1122,307.8571,352.0834,7.8957,0,U,37094,999,80510,0.0019362,5.813e-05,0.0
COSMOS 2251 DEB,1993-036BFR,2025-02-16T04:27:54.357984,14.01583584,0.0196253,73.849,356.8434,110.8661,251.3608,0,U,37095,999,58436,0.0025806,4.6e-05,0.0
COSMOS 2251 DEB,1993-036BFX,2025-02-15T10:49:24.049920,14.60423645,0.0047211,74.0374,309.5112,115.0462,245.5616,0,U,37101,999,78450,0.0021387,0.00010509,0.0
COSMOS 2251 DEB,1993-036BGE,2025-02-17T07:45:24.917184,14.38333834,0.0097037,74.0435,271.6099,62.5428,298.5552,0,U,37108,999,81361,0.0020947,6.717e-05,0.0
COSMOS 2251 DEB,1993-036BGY,2025-02-16T17:59:34.341792,14.71588905,0.0125118,73.9515,219.6006,168.1006,192.3173,0,U,37126,999,3698,0.00067323,4.7e-05,0.0
COSMOS 2251 DEB,1993-036BHE,2025-02-15T20:52:06.095136,14.72186959,0.0047832,74.0039,101.3859,331.971,27.8886,0,U,37132,999,57994,0.0017635,0.00011305,0.0
COSMOS 2251 DEB,1993-036BHJ,2025-02-17T03:22:35.830272,13.57180912,0.040457,73.9315,102.1712,173.0967,187.5961,0,U,37270,999,73131,0.0039396,4.764e-05,0.0
COSMOS 2251 DEB,1993-036BHU,2025-02-16T04:40:49.806624,14.16869769,0.0138003,74.0304,231.467,69.6892,291.9019,0,U,37280,999,53077,0.0026663,5.848e-05,0.0
COSMOS 2251 DEB,1993-036BHY,2025-02-17T11:06:39.153888,14.10393811,0.0174967,74.0183,323.7422,183.6077,296.3912,0,U,37284,999,76393,0.0018719,3.813e-05,0.0
COSMOS 2251 DEB,1993-036BJK,2025-02-16T05:31:44.784480,14.6272525,0.0047692,74.0081,137.9217,28.1224,332.2503,0,U,37295,999,77921,0.0010423,5.371e-05,0.0
COSMOS 2251 DEB,1993-036BJV,2025-02-16T22:10:32.011104,14.34624363,0.0047406,73.8704,124.1688,145.2209,215.2057,0,U,37305,999,80686,0.0012249,3.481e-05,0.0
COSMOS 2251 DEB,1993-036BKC,2025-02-17T09:33:59.402016,14.44717368,0.0019846,74.0325,40.4789,223.9158,136.0423,0,U,37312,999,81877,0.0011311,3.909e-05,0.0
COSMOS 2251 DEB,1993-036BKG,2025-02-16T19:41:40.992576,14.78935656,0.0042598,74.0236,256.3403,55.9415,304.5793,0,U,37316,999,81702,0.0031708,0.00023801,0.0
COSMOS 2251 DEB,1993-036BKL,2025-02-15T20:06:48.253536,14.73701486,0.0053502,74.0464,85.094,254.2611,105.2657,0,U,37320,999,82040,0.0015131,0.00010087,0.0
COSMOS 2251 DEB,1993-036BKS,2025-02-16T01:19:13.792800,14.59392613,0.0058984,74.0259,187.4376,30.5746,329.8835,0,U,37326,999,81108,0.0011338,5.475e-05,0.0
COSMOS 2251 DEB,1993-036BKT,2025-02-15T03:13:26.260608,15.06625471,0.0012916,74.0071,203.2498,35.6579,324.5471,0,U,37327,999,81668,0.0077575,0.00117103,0.0
COSMOS 2251 DEB,1993-036BKW,2025-02-16T13:06:26.927136,14.5817283,0.0058155,74.019,145.6811,66.1309,294.5935,0,U,37330,999,82117,0.00060257,2.815e-05,0.0
COSMOS 2251 DEB,1993-036BKX,2025-02-09T21:10:48.928800,14.33744322,0.0056975,74.0741,266.6472,358.5895,1.5086,0,U,37331,999,80598,0.0008661,2.425e-05,0.0
COSMOS 2251 DEB,1993-036BLC,2025-02-16T13:35:31.864128,14.32589546,0.0030876,74.0432,157.3129,308.3702,51.4676,0,U,37336,999,60835,0.00015125,3.87e-06,0.0
COSMOS 2251 DEB,1993-036BLG,2025-02-16T12:37:02.627904,14.36448374,0.0019936,74.0242,107.4467,278.6609,81.2285,0,U,37340,999,79770,0.00032926,9.41e-06,0.0
COSMOS 2251 DEB,1993-036BLL,2025-02-17T03:56:09.585312,14.42818679,0.0095423,73.9783,340.0785,255.9052,103.1485,0,U,37483,999,79777,0.00053575,1.859e-05,0.0
COSMOS 2251 DEB,1993-036BLM,2025-02-11T18:53:33.991872,14.39630484,0.0038402,73.8241,58.1001,154.2868,18.2506,0,U,37484,999,61001,0.0011343,3.551e-05,0.0
COSMOS 2251 DEB,1993-036BLP,2025-02-16T22:28:54.768000,14.08710906,0.024532,73.7026,292.9836,204.629,166.9903,0,U,37486,999,59154,0.0033178,7.522e-05,0.0
COSMOS 2251 DEB,1993-036BLQ,2025-02-16T18:22:49.284480,14.65489922,0.0042246,73.916,59.3511,316.3401,43.4427,0,U,37487,999,76842,0.0051819,0.00028534,0.0
COSMOS 2251 DEB,1993-036BLU,2025-02-16T08:14:02.771232,13.74068346,0.0313924,73.9053,55.5512,105.5547,258.0457,0,U,37491,999,51632,0.0011016,1.458e-05,0.0
COSMOS 2251 DEB,1993-036BMC,2025-02-15T00:26:06.114048,14.33970285,0.0029228,74.0383,152.5626,303.1549,56.6799,0,U,37499,999,80838,0.00030941,8.41e-06,0.0
COSMOS 2251 DEB,1993-036BMD,2025-02-16T14:47:24.954720,15.59305105,0.0075973,73.9486,180.3579,61.9774,298.9101,0,U,37500,999,85122,0.00072761,0.00066289,0.0
COSMOS 2251 DEB,1993-036BMU,2025-02-14T22:46:06.986208,14.84213918,0.0044959,74.1303,146.0992,87.4605,273.172,0,U,37515,999,81242,0.0059185,0.00050765,0.0
COSMOS 2251 DEB,1993-036BNH,2025-02-17T00:06:34.291584,14.49152894,0.0021676,74.0403,322.9522,188.2447,171.836,0,U,37528,999,81598,0.00087508,3.313e-05,0.0
COSMOS 2251 DEB,1993-036BNK,2025-02-15T14:03:50.959872,14.33988667,0.0028051,74.0359,163.1227,300.2687,71.1763,0,U,37530,999,80927,0.0004398,1.207e-05,0.0
COSMOS 2251 DEB,1993-036BNM,2025-02-16T06:51:31.679712,14.41721797,0.0016988,74.0497,50.407,233.1607,139.2658,0,U,37532,999,80599,0.00047433,1.524e-05,0.0
COSMOS 2251 DEB,1993-036BNN,2025-02-16T13:49:06.008736,14.10061117,0.0161679,74.0654,358.372,128.7317,232.8404,0,U,37533,999,58701,0.0017974,3.563e-05,0.0
COSMOS 2251 DEB,1993-036BNQ,2025-02-16T17:00:24.280704,14.55717994,0.002962,74.0237,281.9503,134.882,283.4947,0,U,37535,999,80969,0.0011704,5.124e-05,0.0
COSMOS 2251 DEB,1993-036BNS,2025-02-15T20:35:32.950464,14.36928846,0.0053221,74.0106,97.5877,309.0403,50.6019,0,U,37537,999,80725,0.00037204,1.093e-05,0.0
COSMOS 2251 DEB,1993-036BNT,2025-02-15T12:27:00.883872,15.16866881,0.0027245,73.9814,81.4352,299.2642,60.583,0,U,37538,999,78852,0.0063816,0.00129046,0.0
COSMOS 2251 DEB,1993-036BPB,2025-02-15T11:34:32.983680,14.69656202,0.0005371,74.0279,325.394,115.0415,245.1314,0,U,37546,999,80846,0.004491,0.00026808,0.0
COSMOS 2251 DEB,1993-036BPJ,2025-02-15T20:53:48.275232,14.55531094,0.0060978,74.0092,267.2365,122.8046,249.5127,0,U,37959,999,75760,0.0011489,5.106e-05,0.0
COSMOS 2251 DEB,1993-036BPK,2025-02-16T12:55:17.561280,14.06498931,0.0250022,74.0663,350.7057,81.0816,281.8533,0,U,37960,999,73360,0.001442,3.146e-05,0.0
COSMOS 2251 DEB,1993-036BPL,2025-02-15T13:22:23.635200,14.54743874,0.0042926,74.0456,346.4699,146.082,214.3102,0,U,37961,999,75779,0.0017886,7.736e-05,0.0
COSMOS 2251 DEB,1993-036BPR,2025-02-15T11:23:55.901184,14.87980789,0.0016811,73.9841,122.0506,27.9209,332.2869,0,U,37966,999,80843,0.0038195,0.00035282,0.0
COSMOS 2251 DEB,1993-036BPS,2025-02-17T12:08:52.335456,14.36464637,0.0161736,74.0189,328.1017,178.7055,181.4552,0,U,37967,999,77252,0.0019563,6.642e-05,0.0
COSMOS 2251 DEB,1993-036BPT,2025-02-16T00:30:59.016096,14.92938186,0.0095361,74.0069,158.5458,351.9773,7.9878,0,U,37968,999,55735,0.0012119,0.00013735,0.0
COSMOS 2251 DEB,1993-036BPW,2025-02-16T20:57:21.437856,14.43656841,0.0075687,73.9926,241.122,88.861,272.1217,0,U,37971,999,56357,0.0039166,0.00013764,0.0
COSMOS 2251 DEB,1993-036BQA,2025-02-16T02:46:28.469856,14.62937094,0.0115636,74.009,185.8626,251.7066,107.1493,0,U,37975,999,65344,0.0064186,0.00036339,0.0
COSMOS 2251 DEB,1993-036BQD,2025-02-13T04:28:25.570848,15.04978207,0.0033082,74.0568,10.3922,115.8807,244.58,0,U,37978,999,80482,0.0030229,0.00043631,0.0
COSMOS 2251 DEB,1993-036BQL,2025-02-16T20:22:31.639584,14.35353938,0.0022676,74.0236,94.2927,290.6642,69.2079,0,U,37985,999,78875,8.8268e-05,2.27e-06,0.0
COSMOS 2251 DEB,1993-036BQP,2025-02-17T12:33:33.288480,14.64737926,0.0068807,74.0619,238.4498,356.5668,3.5017,0,U,37988,999,19746,0.0014953,8.226e-05,0.0
COSMOS 2251 DEB,1993-036BQU,2025-02-15T15:17:11.729184,14.55518539,0.0025322,74.0303,17.9638,189.8031,170.2642,0,U,37993,999,60944,0.0025024,0.00010934,0.0
COSMOS 2251 DEB,1993-036BQV,2025-02-16T21:32:59.829216,14.38755132,0.0025107,74.0353,107.1741,264.9644,94.8644,0,U,37994,999,72765,0.0005544,1.683e-05,0.0
COSMOS 2251 DEB,1993-036BQZ,2025-02-09T09:34:23.930112,14.43842374,0.0022136,74.0419,85.4328,247.4232,112.4583,0,U,37998,999,59863,0.00080902,2.739e-05,0.0
COSMOS 2251 DEB,1993-036BRC,2025-02-15T03:34:33.371904,14.74720789,0.0072644,74.0063,2.8435,228.5942,142.6077,0,U,38001,999,70270,0.0013336,9.279e-05,0.0
COSMOS 2251 DEB,1993-036BRF,2025-02-17T07:24:58.050144,15.00735921,0.0010971,74.0198,258.9327,100.1941,260.0484,0,U,38004,999,81305,0.0052593,0.00067381,0.0
COSMOS 2251 DEB,1993-036BRH,2025-02-15T20:52:16.770720,14.40467855,0.00785,73.8493,241.5687,250.4215,108.8452,0,U,38006,999,58633,0.0038388,0.00012654,0.0
COSMOS 2251 DEB,1993-036BRL,2025-02-17T00:47:18.904416,13.59923673,0.0354175,73.9572,33.5857,69.9055,356.3295,0,U,38054,999,68901,0.0047559,5.346e-05,0.0
COSMOS 2251 DEB,1993-036BRM,2025-02-17T08:12:05.613696,14.7217793,0.0074694,74.0101,70.5515,274.6702,95.8691,0,U,38055,999,75538,0.0018244,0.00012003,0.0
COSMOS 2251 DEB,1993-036BRS,2025-02-16T22:35:27.362688,14.61769752,0.0062255,74.044,147.8872,330.9094,28.8608,0,U,38060,999,67595,0.00092081,4.694e-05,0.0
COSMOS 2251 DEB,1993-036BRU,2025-01-27T18:20:56.352768,14.79966224,0.0019735,74.0089,206.9752,64.4518,306.6206,0,U,38062,999,58288,0.0032222,0.00024495,0.0
COSMOS 2251 DEB,1993-036BRW,2025-02-17T01:23:34.758816,14.53450415,0.0050347,74.0264,329.946,164.9547,195.3127,0,U,38064,999,73171,0.0015306,6.462e-05,0.0
COSMOS 2251 DEB,1993-036BRZ,2025-02-16T11:20:31.552224,14.59627771,0.0073507,74.0176,126.6657,348.1334,23.2339,0,U,38067,999,58187,0.0005849,2.86e-05,0.0
COSMOS 2251 DEB,1993-036BSA,2025-02-16T05:50:52.108224,14.35372798,0.0027525,74.0219,138.2769,299.9795,59.8626,0,U,38068,999,62348,0.00052769,1.494e-05,0.0
COSMOS 2251 DEB,1993-036BSE,2025-02-13T07:07:45.040512,14.96591721,0.0005942,74.0283,253.8931,76.1569,284.0276,0,U,38190,999,1360,0.0040808,0.00046776,0.0
COSMOS 2251 DEB,1993-036BSM,2025-02-16T17:24:47.087136,14.6032713,0.0157688,73.9426,217.7294,161.1692,199.54,0,U,38197,999,81370,0.008418,0.0004878,0.0
COSMOS 2251 DEB,1993-036BSP,2025-02-03T05:40:55.681248,13.64083097,0.03709,73.9578,215.3366,203.78,154.5793,0,U,38199,999,73253,0.0018757,2.362e-05,0.0
COSMOS 2251 DEB,1993-036BSY,2025-02-16T23:07:07.264992,14.71586643,0.0009112,74.0124,306.2156,139.8242,231.8658,0,U,38208,999,66746,0.0038121,0.00023774,0.0
COSMOS 2251 DEB,1993-036BTC,2025-02-16T09:22:43.134528,14.75223268,0.0096455,74.0538,302.4646,88.8354,272.3868,0,U,38212,999,77180,0.00081954,5.948e-05,0.0
COSMOS 2251 DEB,1993-036BTL,2025-02-17T02:33:41.050368,14.76204815,0.0004474,74.0214,301.352,106.6633,253.5033,0,U,38220,999,81059,0.0043292,0.00030063,0.0
COSMOS 2251 DEB,1993-036BTP,2025-02-17T06:11:56.079744,14.34244572,0.009455,74.013,13.5449,195.3628,231.6526,0,U,38479,999,78646,0.0033406,9.842e-05,0.0
COSMOS 2251 DEB,1993-036BTR,2025-02-15T14:53:01.536288,13.93180542,0.0233406,73.9331,165.5549,167.0577,193.6689,0,U,38481,999,54878,0.0032713,5.316e-05,0.0
COSMOS 2251 DEB,1993-036BTT,2025-02-16T15:32:07.862208,14.26741259,0.011723,74.2623,186.1949,20.5761,340.005,0,U,38483,999,59209,0.001605,4.157e-05,0.0
COSMOS 2251 DEB,1993-036BTV,2025-02-15T10:10:48.478944,15.00968098,0.0031167,74.0002,47.7723,273.8011,85.9613,0,U,38485,999,13337,0.0050013,0.00065014,0.0
COSMOS 2251 DEB,1993-036BTW,2025-02-15T19:36:09.937152,14.62225651,0.0043623,73.9444,67.4927,278.8893,255.8226,0,U,38486,999,71034,0.0040546,0.00020744,0.0
COSMOS 2251 DEB,1993-036BTX,2025-02-16T09:17:10.537728,14.96203313,0.0049138,73.989,289.7464,169.7771,190.4425,0,U,38487,999,62294,0.0024634,0.00028542,0.0
COSMOS 2251 DEB,1993-036BTY,2025-02-15T20:48:53.270208,14.67812094,0.0064433,74.0395,85.6248,268.2602,265.8442,0,U,39109,999,60769,0.0010646,6.241e-05,0.0
COSMOS 2251 DEB,1993-036BTZ,2025-02-14T22:25:30.664416,14.70235745,0.0100847,73.9595,288.8736,232.6984,138.0197,0,U,39110,999,66898,0.0005459,3.526e-05,0.0
COSMOS 2251 DEB,1993-036BUA,2025-02-15T09:20:51.924768,14.83018115,0.0007897,74.0177,288.8812,91.6369,268.5713,0,U,39111,999,63736,0.0047295,0.00038668,0.0
COSMOS 2251 DEB,1993-036BUC,2025-02-16T14:56:25.137888,14.82692125,0.0055933,74.0018,14.2862,249.6844,109.8317,0,U,39546,999,59989,0.0024179,0.00020071,0.0
COSMOS 2251 DEB,1993-036BUD,2025-02-17T06:48:32.079168,14.81277987,0.0008232,74.0088,258.219,96.9853,21.309,0,U,39547,999,67371,0.004697,0.00036824,0.0
COSMOS 2251 DEB,1993-036BUK,2025-02-09T22:34:19.764192,13.98168773,0.0211666,74.0259,139.0488,343.4121,16.0154,0,U,39553,999,71340,0.00068515,1.156e-05,0.0
COSMOS 2251 DEB,1993-036BUL,2025-02-13T07:34:00.515136,14.87305422,0.0016262,74.0199,157.7449,2.1283,29.8212,0,U,39554,999,59856,0.003041,0.00027585,0.0
COSMOS 2251 DEB,1993-036BUN,2025-02-15T21:12:49.180320,14.53469974,0.0158583,73.9358,100.4695,281.6713,76.669,0,U,39583,999,57412,0.002447,0.00012037,0.0
COSMOS 2251 DEB,1993-036BUQ,2025-02-15T13:06:43.816608,14.57604958,0.0068805,74.0428,152.3059,349.2063,10.762,0,U,39585,999,80143,0.00046598,2.162e-05,0.0
COSMOS 2251 DEB,1993-036BUR,2025-02-13T06:23:01.851360,14.20382259,0.0104586,74.0095,50.9192,256.0796,114.1969,0,U,39586,999,56676,0.00079854,1.782e-05,0.0
COSMOS 2251 DEB,1993-036BUW,2025-02-15T19:10:00.079392,14.40726254,0.0032005,74.0194,82.683,271.0721,207.2938,0,U,39591,999,57455,0.00068783,2.186e-05,0.0
COSMOS 2251 DEB,1993-036BUX,2025-02-10T09:53:33.500256,14.4056333,0.0018874,74.0318,94.1923,260.159,99.7434,0,U,40218,999,54463,0.00071025,2.241e-05,0.0
COSMOS 2251 DEB,1993-036BVC,2025-02-16T05:22:31.571328,14.79226664,0.002917,73.9455,331.0482,209.5938,306.3383,0,U,40223,999,54914,0.005832,0.00043882,0.0
COSMOS 2251 DEB,1993-036BVD,2025-02-17T08:41:54.048768,15.2167395,0.0036323,73.9662,76.6184,68.9028,291.6047,0,U,40224,999,66588,0.0061827,0.00145121,0.0
COSMOS 2251 DEB,1993-036BVH,2025-02-15T09:29:01.618368,14.401452,0.0025076,74.0535,95.3922,238.0687,133.6959,0,U,40228,999,54596,0.00050222,1.566e-05,0.0
COSMOS 2251 DEB,1993-036BVK,2025-02-15T19:25:02.692416,14.47045658,0.0018805,74.045,68.2354,208.5406,324.7032,0,U,40230,999,54629,0.0012565,4.56e-05,0.0
COSMOS 2251 DEB,1993-036BVN,2025-02-16T03:25:37.323840,14.54576047,0.0048496,73.9433,314.9845,99.0623,261.6032,0,U,40233,999,54775,0.0022561,9.765e-05,0.0
COSMOS 2251 DEB,1993-036BVT,2025-02-16T15:34:47.837856,13.23911975,0.0556289,73.9902,162.5406,192.4079,166.2837,0,U,40238,999,68921,0.0056709,5.525e-05,0.0
COSMOS 2251 DEB,1993-036BVU,2025-02-16T11:57:04.595904,14.60421799,0.0089404,74.0319,128.2313,315.4854,55.1567,0,U,40239,999,55240,0.00066101,3.355e-05,0.0
COSMOS 2251 DEB,1993-036BVV,2025-02-15T20:51:48.853152,14.62918339,0.0019101,74.0466,264.2174,89.5809,282.2757,0,U,40792,999,58792,0.0016947,8.675e-05,0.0
COSMOS 2251 DEB,1993-036BVW,2025-02-17T01:25:21.539712,14.04526243,0.0219457,73.9812,328.6351,190.217,169.4472,0,U,40793,999,64050,0.0011533,2.258e-05,0.0
COSMOS 2251 DEB,1993-036BVX,2025-02-16T03:23:22.080192,14.74043362,0.002599,73.9819,358.9489,205.8315,165.7662,0,U,40794,999,57484,0.0056442,0.00037516,0.0
COSMOS 2251 DEB,1993-036BVZ,2025-02-16T15:59:24.387936,14.76540961,0.0063697,74.0188,11.3567,225.5041,308.2192,0,U,40796,999,71736,0.0015811,0.00011384,0.0
COSMOS 2251 DEB,1993-036BWA,2025-02-16T03:11:07.892736,15.01954623,0.0084406,73.9292,354.9963,336.6192,34.4912,0,U,40797,999,60131,0.0020037,0.00028399,0.0
COSMOS 2251 DEB,1993-036BWC,2025-02-13T13:58:26.045760,14.92469298,0.0128471,73.9296,351.7585,304.8837,54.0321,0,U,40799,999,75462,0.00085002,0.0001021,0.0
COSMOS 2251 DEB,1993-036BWF,2025-02-16T04:37:38.101440,14.73901216,0.0068065,74.0461,18.9884,197.8252,162.0534,0,U,40802,999,59990,0.0012508,8.49e-05,0.0
COSMOS 2251 DEB,1993-036BWG,2025-02-16T06:34:00.798240,14.50716282,0.0034081,74.0135,256.2046,186.2654,173.8085,0,U,40803,999,54408,0.00056506,2.21e-05,0.0
COSMOS 2251 DEB,1993-036BWM,2025-02-16T04:44:19.152960,14.61284798,0.0009287,74.0484,0.9321,137.2357,285.066,0,U,40808,999,59234,0.0033679,0.00016646,0.0
COSMOS 2251 DEB,1993-036BWP,2025-02-16T01:15:48.757824,14.5600997,0.0019828,74.0362,284.2609,150.7469,209.4809,0,U,40810,999,57317,0.0013118,5.765e-05,0.0
COSMOS 2251 DEB,1993-036BWT,2025-02-15T21:40:52.858848,14.50390195,0.0040258,74.0464,281.7424,118.6563,241.8656,0,U,46271,999,80293,0.00054968,2.141e-05,0.0
COSMOS 2251 DEB,1993-036BWU,2025-02-16T16:03:03.246912,14.45368364,0.0108255,73.9156,201.0526,185.3022,174.7,0,U,46430,999,75352,0.0064816,0.00024555,0.0
COSMOS 2251 DEB,1993-036BWW,2025-02-16T17:55:34.689792,13.36101523,0.0475846,73.8699,222.2019,30.1813,342.9655,0,U,46432,999,62972,0.00092447,8.87e-06,0.0
COSMOS 2251 DEB,1993-036BWZ,2025-02-16T13:28:36.606720,14.38674939,0.0029877,74.0614,340.1276,199.1005,334.8221,0,U,47045,999,58992,0.00016018,4.67e-06,0.0
COSMOS 2251 DEB,1993-036BXC,2025-02-16T00:40:03.179712,14.47241077,0.0145187,73.9804,164.1153,60.3187,54.9882,0,U,47048,999,55346,0.0023869,9.944e-05,0.0
COSMOS 2251 DEB,1993-036BXF,2025-02-14T23:53:08.467296,13.65806255,0.0347082,74.1019,314.535,138.4411,237.9029,0,U,47051,999,55830,0.0015087,1.85e-05,0.0
COSMOS 2251 DEB,1993-036BXG,2025-02-17T01:42:26.730144,14.34832987,0.0061053,74.0492,167.4832,315.923,218.3745,0,U,47052,999,57504,0.00057997,1.655e-05,0.0
COSMOS 2251 DEB,1993-036BXH,2025-02-15T15:50:01.660416,13.5860638,0.0388348,74.0602,19.3046,259.0051,284.0058,0,U,47053,999,24811,0.0017416,2.059e-05,0.0
COSMOS 2251 DEB,1993-036BXP,2025-02-16T11:36:43.846848,14.88092712,0.0029417,73.9938,124.6016,353.1774,18.2545,0,U,47059,999,3821,0.003741,0.00034834,0.0
COSMOS 2251 DEB,1993-036BXR,2025-02-17T12:58:45.869088,14.91297452,0.0036717,74.0075,84.7682,17.8584,132.4932,0,U,47061,999,69442,0.0037337,0.00037844,0.0
COSMOS 2251 DEB,1993-036BXS,2025-02-15T17:59:59.791776,13.70720118,0.0328033,74.078,212.3966,46.7323,326.8982,0,U,47062,999,51490,0.00063545,8.06e-06,0.0
COSMOS 2251 DEB,1993-036BXY,2025-02-16T06:38:30.405984,14.50059669,0.0021005,74.0249,47.7456,218.6176,141.3483,0,U,47068,999,68172,0.001899,7.365e-05,0.0
COSMOS 2251 DEB,1993-036BYD,2025-02-17T03:07:51.590208,14.04020817,0.0161353,74.0848,1.086,112.3119,249.5212,0,U,47073,999,56169,0.00082813,1.448e-05,0.0
COSMOS 2251 DEB,1993-036BYP,2025-02-16T16:09:14.159520,14.39766293,0.0023145,74.037,134.8788,292.7858,67.0852,0,U,53093,999,13418,0.0014507,4.538e-05,0.0
